last_name,first_name,year,p_formatted_ip,xba,xslg,xwoba,xobp,xiso,wobacon,xwobacon,bacon,xbacon,xbadiff,xslgdiff,wobadif,exit_velocity_avg,launch_angle_avg,sweet_spot_percent,barrels,barrel_batted_rate,solidcontact_percent,flareburner_percent,poorlyunder_percent,poorlytopped_percent,poorlyweak_percent,hard_hit_percent,z_swing_percent,z_swing_miss_percent,oz_swing_percent,oz_swing_miss_percent,oz_contact_percent,out_zone_swing_miss,out_zone_swing,out_zone_percent,out_zone,meatball_swing_percent,meatball_percent,pitch_count_offspeed,pitch_count_fastball,pitch_count_breaking,iz_contact_percent,in_zone_swing_miss,in_zone_percent,edge_percent,whiff_percent,swing_percent,f_strike_percent,groundballs_percent,flyballs_percent,linedrives_percent,popups_percent,n,n_fastball_formatted,fastball_avg_speed,fastball_avg_spin,fastball_avg_break_x,fastball_avg_break_z,fastball_avg_break,fastball_range_speed,n_breaking_formatted,breaking_avg_speed,breaking_avg_spin,breaking_avg_break_x,breaking_avg_break_z,breaking_avg_break,breaking_range_speed,n_offspeed_formatted,offspeed_avg_speed,offspeed_avg_spin,offspeed_avg_break_x,offspeed_avg_break_z,offspeed_avg_break,offspeed_range_speed,name,WAR
Tomlin,Josh,2017,141,0.307,0.519,0.36,0.327,0.207,0.407,0.433,0.362,0.379,-0.013,-0.026,-0.02,87.8,13.3,39.3,32,7,6.3,28.2,24.2,30.8,3.5,36.6,67,13.2,29.4,35,65,106,303,49.5,1029,76.7,6.4,152,1426,501,86.8,93,50.5,44.4,19.7,48.5,68.5,41.5,22.5,29.5,6.6,2112,68.6,86.7,2424,-3.8,-23.6,16.3,1.8,24.1,74.4,2739,9.6,-63.8,15.2,1.3,7.1,83.8,1852,-12.8,-28.4,18,1.7,Josh Tomlin,-1.4
Garcia,Jarlin,2017,53.1,0.24,0.386,0.311,0.313,0.142,0.327,0.341,0.294,0.305,-0.005,0.004,-0.01,85.1,16.1,34,6,3.7,5.6,23.5,32.1,29,6.2,31.5,68,19.7,25,44.2,55.8,50,113,50.7,452,84.5,9.4,166,444,282,80.3,59,49.3,40.6,26.5,46.2,55.6,40.7,22.8,23.5,13,892,49.7,94.3,2097,11.8,-15.3,20.1,1.1,31.6,85.1,2330,-5.7,-36.7,7.2,2.1,18.6,87.3,2277,17.2,-24.8,20.9,1.4,Jarlin Garcia,-1.3
Butler,Eddie,2017,54.2,0.298,0.495,0.383,0.386,0.191,0.304,0.398,0.284,0.348,-0.054,-0.119,-0.071,86.2,9.8,35.6,11,6.2,8.5,23.7,20.3,33.3,7.9,32.8,70.8,12.7,24.3,31.6,68.4,36,114,51.3,469,83.6,7.3,84,689,141,87.3,40,48.7,42,17.7,46.7,60.3,45.2,14.1,31.6,9,914,75.3,93.1,2077,-11.5,-16.9,20.2,1.8,15.4,81.3,2529,2.7,-47.4,6.4,2,9.1,87.1,1693,-16.5,-27.8,19.5,1.8,Eddie Butler,-0.8
Ramirez,Erasmo,2017,131.1,0.265,0.466,0.334,0.31,0.196,0.362,0.397,0.311,0.338,-0.018,-0.023,-0.026,88.1,12,33.5,30,7.6,6.8,23.2,26.2,31.2,5,35.5,70.5,17.6,28,34,66,96,282,50.6,1007,79.9,7.2,406,1364,219,82.4,122,49.4,44.2,22.3,48.9,61.8,44.1,26.2,23.9,5.8,1989,68.5,90.7,2322,-10.3,-21.3,17.8,2.1,11,83.7,2460,4.5,-36.2,6.8,2.2,20.4,83.6,1766,-14.7,-29.4,17.7,1.4,Erasmo Ramirez,-0.6
Cole,A.J.,2017,52,0.259,0.438,0.352,0.36,0.176,0.378,0.384,0.336,0.334,0.003,0.003,-0.004,86.2,12.6,32.9,8,5.2,6.5,28.4,25.8,27.1,7.1,34.2,64.6,19.9,26,34.1,65.9,43,126,51.8,485,75.4,6.9,61,513,363,80.1,58,48.2,42.2,24.2,44.6,61.3,45.2,24.5,21.9,8.4,937,54.7,93.1,2107,-10,-14.9,19.6,1.6,38.7,82.7,2175,4.9,-33.2,9.9,3.3,6.5,86.2,1669,-11.1,-26.7,14.9,1.5,A.J. Cole,-0.6
Biagini,Joe,2017,119.2,0.257,0.394,0.313,0.32,0.13,0.364,0.35,0.332,0.323,0.008,0.031,0.01,85.6,5.2,29.3,20,5.3,4,23.9,19.1,40.2,7.4,31.2,65.5,14.6,26.6,31.4,68.6,81,258,50.2,969,76.9,6.7,278,1236,415,85.4,92,49.8,44,19.6,46,63.6,56.4,17.8,21,4.8,1929,64,93.2,2152,-10.6,-16.7,19.3,2.1,21.5,78.8,2866,6.8,-61.8,17.2,1.9,14.4,86.3,1723,-16.1,-27.2,19,1.3,Joe Biagini,-0.6
Barraclough,Kyle,2017,66,0.206,0.308,0.284,0.318,0.097,0.324,0.322,0.317,0.299,0.016,0.002,0.001,84.3,9.2,30.6,5,2.9,5.9,22.4,27.6,32.9,8.2,25.4,62.9,20.9,21.7,58.9,41.1,76,129,51.7,595,75,8.7,50,625,476,79.1,73,48.3,37.6,31.3,41.6,56.3,46.5,22.4,24.7,6.5,1151,54.3,94.8,2465,-4.8,-13.8,18.2,1.2,41.3,80.1,2434,11.6,-48.5,13.2,1.9,4.3,88.6,1502,-11.7,-26.2,15.3,1.4,Kyle Barraclough,-0.6
Pomeranz,Drew,2017,173.2,0.259,0.42,0.328,0.33,0.158,0.363,0.39,0.338,0.349,-0.007,-0.032,-0.018,87.2,12.2,32.9,33,6.7,5.9,27,24.3,29.8,6.3,35.7,63.3,16.2,27.4,40.1,59.9,177,441,52.9,1611,66.1,7.5,44,1875,1125,83.8,147,47.1,40.5,24.2,44.3,60.4,45.2,19.7,26,9.1,3091,61.5,90.9,2353,5.4,-16.7,19.4,2.4,37,79.4,2204,-7.3,-62.4,17.5,1.7,1.4,81,1706,12.3,-30.6,18.3,1.8,Drew Pomeranz,-0.4
Chatwood,Tyler,2017,147.2,0.256,0.402,0.333,0.352,0.141,0.368,0.36,0.319,0.327,-0.006,0.04,0.005,85.4,0.4,31.2,24,5.6,4.2,24,13.5,44.2,8.6,32.1,67.3,16.6,23,43.6,56.4,133,305,54,1326,75.4,7,104,2080,271,83.4,126,46,40.3,24.3,43.4,53.6,59.3,14.7,23.5,2.6,2455,84.7,93.2,2487,-3.2,-18.7,15.2,3.1,11,79.3,2989,7.9,-57.3,15.3,2.5,4.2,88.1,1708,-6.2,-26.9,11.4,1.8,Tyler Chatwood,-0.4
Ziegler,Brad,2017,47,0.271,0.354,0.306,0.348,0.075,0.342,0.316,0.356,0.315,0.035,0.022,0.02,84.6,0.1,28.8,1,0.6,4.3,27.6,11,45.4,11,36.4,71.3,16.2,30.4,27.7,72.3,33,119,56.4,392,81.3,4.6,155,394,146,83.8,35,43.6,44.6,20.2,48.2,60.7,65,5.5,23.3,6.1,695,56.6,83.1,1880,-12.2,-51.1,16.2,1.1,21,73.5,2065,10.5,-40.2,16.4,1.3,22.3,75.8,2006,-6.4,-61,14.1,1,Brad Ziegler,-0.3
Otero,Dan,2017,60,0.298,0.41,0.315,0.324,0.103,0.337,0.367,0.325,0.356,-0.025,-0.016,-0.025,85.5,-0.9,30.8,6,3.1,1,36.4,7.7,42.6,9.2,35.4,72.6,10,36.8,24.8,75.2,38,153,49.3,416,73.8,7.7,83,679,81,90,31,50.7,42,15,54.9,66.9,64.6,6.7,25.6,3.1,843,80.5,90,2011,-16.4,-25.8,18.8,1.2,9.6,81.4,1976,1.6,-40,4.4,1.2,9.8,82.4,1298,-13.3,-37.9,13.9,1.2,Dan Otero,-0.3
Shaw,Bryan,2017,76.2,0.233,0.315,0.266,0.287,0.077,0.34,0.319,0.329,0.311,0.014,0.039,0.015,84.5,3.4,30.4,5,2.3,4.1,24.4,17.5,43.8,7.8,28.7,72.9,19.4,26.7,44.2,55.8,68,154,47.8,576,89,6.8,0,1062,143,80.6,89,52.2,45.1,25.6,50.8,57.7,57.1,9.7,26.3,6.9,1276,88,94.5,2432,3.3,-21.2,11.3,1.5,11.9,82.5,2712,12,-48.8,14.6,1.6,,,,,,,,Bryan Shaw,-0.3
McGee,Jake,2017,57.1,0.226,0.366,0.286,0.283,0.136,0.328,0.35,0.307,0.31,-0.002,-0.023,-0.014,87.2,14.9,27.3,8,5.2,7.8,26.6,29.2,25.3,5.8,34.4,72.5,16.7,23.9,35,65,36,103,45.7,431,88.4,7.3,0,882,61,83.3,62,54.3,46.6,20.7,50.2,62.4,40.3,25.3,25.3,9.1,946,93.4,94.9,2248,10.1,-12.9,20.7,1.7,6.5,78.9,2071,-2.5,-45.7,7.4,2.3,,,,,,,,Jake McGee,-0.2
Johnson,Jim,2017,56.2,0.257,0.409,0.319,0.33,0.148,0.377,0.383,0.349,0.346,0.003,-0.004,-0.004,87.4,6.4,32.5,9,5.3,6.5,26,18.3,40.8,3,31.5,59.1,15.4,27.3,41.3,58.7,59,143,53.8,523,76.6,6.6,46,664,263,84.6,41,46.2,42.8,24.4,42.1,60.2,49.1,17.8,27.8,5.3,973,68.2,93.4,2201,-14.3,-19.2,19.8,1.3,27,79.5,2189,4.2,-54.4,11.1,1.3,4.7,88,1610,-15.5,-28,17.7,1.2,Jim Johnson,-0.2
Strickland,Hunter,2017,61.1,0.242,0.44,0.326,0.328,0.194,0.343,0.377,0.331,0.317,0.011,-0.075,-0.023,87.1,18.2,34.1,14,7.8,6.1,24,31.8,27.9,2.2,29.8,68,18.8,27.3,39.3,60.7,55,140,52.2,513,80.5,8.4,14,673,295,81.2,60,47.8,42.4,25,46.7,61.9,38.5,26.3,23.5,11.7,982,68.5,95.6,2427,-3.5,-13.7,17.8,1.4,30,84,2728,11.3,-39,12.1,2.4,1.4,89,1875,-10.8,-21.1,18.2,1.6,Hunter Strickland,-0.2
Reed,Addison,2017,76,0.25,0.43,0.308,0.289,0.176,0.348,0.394,0.305,0.338,-0.024,-0.04,-0.033,87.4,15.4,36,15,7,6.1,24.3,29.4,30.4,2.8,36.4,75.2,21.5,31.2,39.5,60.5,64,162,43.7,519,84,8.4,1,795,392,78.5,108,56.3,43.2,25.9,56,67.6,40.7,27.6,22.9,8.9,1208,67,92.3,2160,-4,-14.9,17.6,1.4,32.8,85.3,2088,3.5,-32.9,6.6,1.7,0,86.3,1711,-11.1,-25.5,15.4,,Addison Reed,-0.2
Castro,Miguel,2017,66.1,0.249,0.413,0.32,0.33,0.159,0.293,0.331,0.261,0.293,-0.025,-0.037,-0.029,85.1,7.5,27.7,8,3.9,6.3,21.4,22.3,37.4,8.7,29.1,66.5,16.4,27.2,37.2,62.8,54,145,51.8,534,76.1,6.9,108,637,285,83.6,54,48.2,41.9,22.7,46,58,50.5,23.3,19.9,6.3,1030,61.8,95.4,2259,-17.4,-20.5,20.3,2.2,27.6,84.5,2691,2.8,-40,5.3,2.3,10.4,86.2,1998,-18.3,-30.7,19.8,1.9,Miguel Castro,-0.2
Bailey,Homer,2017,91,0.302,0.464,0.372,0.387,0.156,0.407,0.403,0.376,0.371,0.007,0.021,0.003,86.7,8.3,38.9,14,4.6,5,33.7,18.2,32.7,5.9,37.3,68,17.4,23.4,36.4,63.6,64,176,47.9,753,83.8,7.4,302,874,397,82.6,97,52.1,45.1,22,46.7,61.2,45.5,17.5,31.4,5.6,1573,55.5,93.5,2054,-9.6,-15.8,18.4,1.4,25.2,85.6,1866,3.5,-32.4,9,4.3,19.1,86.4,1214,-9.2,-28.9,13.1,2,Homer Bailey,-0.1
Blevins,Jerry,2017,49,0.193,0.274,0.261,0.296,0.078,0.369,0.317,0.358,0.302,0.036,0.05,0.029,81.9,15.2,27.5,4,3.3,2.5,25.8,31.7,26.7,10,19.2,57,22,26.5,51.5,48.5,70,136,56.4,514,77.4,5.8,38,417,457,78,50,43.6,41.1,33,39.8,55.8,42.5,26.7,21.7,9.2,912,45.7,88.9,2163,8.6,-19.6,17.5,1.1,50.1,71,2375,-17.5,-63.2,19.3,1.3,4.1,82.8,1886,14.1,-31.3,16.8,1.4,Jerry Blevins,-0.1
Salas,Fernando,2017,58.2,0.257,0.421,0.322,0.32,0.16,0.395,0.389,0.372,0.336,0.036,0.02,0.004,87.3,10.6,27,14,7.6,4.3,24.3,23.2,35.1,5.4,32.4,72.5,23,32,35.5,64.5,59,166,50.1,519,89.6,7.4,181,684,170,77,86,49.9,44.7,26.7,52.3,60.1,49.2,23.8,21.1,5.9,1035,66,91.1,2220,-7.4,-13.9,21.3,1.4,16.4,82.9,2044,-0.5,-38.1,5,1.7,17.4,86.2,1783,-11.4,-24.1,17.7,1.3,Fernando Salas,-0.1
McAllister,Zach,2017,62,0.255,0.417,0.323,0.321,0.158,0.359,0.405,0.331,0.36,-0.02,-0.05,-0.03,89.3,16.5,36.6,12,7.5,6.2,31.1,28.6,23.6,3.1,42.5,68.6,21,23.1,32.7,67.3,33,101,45,437,80.5,7.9,0,780,191,79,77,55,45.2,23.5,48.1,64.7,37.3,28,29.2,5.6,971,80.3,95.3,2195,-13.1,-15.4,19.3,1.4,19.6,81,2310,7.4,-43.1,8.3,1.6,,,,,,,,Zach McAllister,-0.1
Samardzija,Jeff,2017,207.2,0.248,0.429,0.304,0.281,0.177,0.39,0.384,0.34,0.331,0.007,0.018,0.005,86.9,11.9,36.1,38,6.3,6,23.7,27.3,31.3,5.5,33.4,66.6,17.3,30.3,34.3,65.7,166,484,48.9,1597,77.5,7.2,271,1902,1090,82.7,192,51.1,43.6,22.6,48.8,65.1,43,24,26.2,6.8,3263,58.2,93.9,2474,-11.7,-18.3,18.8,1.9,33.4,84.7,2392,1.6,-36.2,9.9,4.4,8.3,86.7,1690,-11,-27.1,15.6,2.3,Jeff Samardzija,-0.1
Santiago,Hector,2017,70.1,0.28,0.552,0.389,0.362,0.269,0.357,0.427,0.313,0.343,-0.025,-0.11,-0.051,90.2,21.8,33.5,26,11.6,5.8,21.9,36.2,23.7,0.9,38.4,66.7,15.5,23.4,24.6,75.4,35,142,49,606,79.8,9.2,286,799,150,84.5,65,51,42.3,17.8,45.5,55.6,32.1,30.4,24.6,12.9,1196,66.8,90.4,2165,11.3,-15,23.1,2.4,12.5,77,2136,-7.9,-47.6,9.4,3,20.6,82.9,2028,15.5,-24.5,23.1,1.5,Hector Santiago,-0.1
Perez,Martin,2017,185,0.304,0.48,0.366,0.364,0.17,0.376,0.399,0.355,0.36,-0.003,-0.027,-0.017,86.6,9.4,35.9,34,5.4,5.7,28.5,18.5,37.5,4.3,32.2,64.1,12.4,29.2,27.7,72.3,139,501,55.4,1715,74.1,6,630,1814,646,87.6,110,44.6,43.4,18,44.8,59.3,47.8,18.7,27.9,5.6,3090,58.7,93.1,2048,13.7,-20,19,1.6,20.9,81.6,2455,-5.5,-43,7.8,3.4,20.3,84.6,1780,14.6,-29.2,17.8,1.3,Martin Perez,-0.1
Hudson,Daniel,2017,61.2,0.245,0.378,0.324,0.349,0.127,0.381,0.369,0.343,0.339,0.003,0.031,0.007,84.3,12.1,31.1,8,4.8,3.6,26.9,25.1,31.7,7.8,27.7,67.2,22.6,25,42.3,57.7,60,142,51.5,567,74,6.6,152,662,285,77.4,81,48.5,42.1,28.1,45.5,56.5,44.3,22.8,24.6,8.4,1099,60.2,95.4,2399,-10.2,-15.6,18.5,1.1,25.9,86.5,2563,-0.8,-33.4,4.9,2.3,13.8,86,2409,-19.1,-25.7,22.8,1.4,Daniel Hudson,-0.1
Rusin,Chris,2017,85,0.25,0.376,0.294,0.298,0.12,0.323,0.344,0.306,0.321,-0.01,-0.018,-0.015,84.6,2.2,27.1,10,4,2.8,21.5,17.8,47.8,6.1,27.1,68.2,17.5,29.5,49.4,50.6,82,166,46.8,562,78.6,7,333,841,26,82.5,76,53.2,43,26.5,50.2,59.4,59.5,17,19.8,3.6,1239,69.8,90.2,2342,10.1,-25.6,15.1,2.1,2.6,82.9,2737,-2.7,-41,6,1.8,27.5,84.5,1733,13.6,-32.1,15.8,1.2,Chris Rusin,-0.1
Robles,Hansel,2017,56.2,0.249,0.455,0.352,0.353,0.203,0.372,0.418,0.313,0.348,-0.023,-0.037,-0.029,87.2,16.3,35.9,13,8.5,7.8,22.9,28.8,28.1,3.9,34,63.7,22.7,22.2,27,73,30,111,52.7,500,72.3,8.7,80,627,242,77.3,65,47.3,41.4,23.9,41.8,54.7,35.3,27.5,28.1,9.2,948,66.1,94.9,2449,-14.6,-13.7,22.9,1.6,25.5,86,2415,-0.8,-33,6.5,1.7,8.3,88.7,1683,-15.4,-23.9,20,1.5,Hansel Robles,-0.1
Greene,Shane,2017,67.2,0.234,0.384,0.316,0.337,0.145,0.314,0.375,0.291,0.334,-0.029,-0.064,-0.038,87.4,10.7,30.2,10,5.8,4.7,28.5,24.4,30.8,5.8,37.2,60.5,18.6,21.1,39.3,60.7,42,107,47.2,508,74.4,8,0,771,306,81.4,64,52.8,41.8,23.5,41.9,59.4,48.8,22.7,22.1,6.4,1077,71.5,93.6,2373,-9.9,-20.6,18,3.2,28.4,82.3,2651,14.3,-40.2,15.2,1.5,,,,,,,,Shane Greene,-0.1
Allen,Cody,2017,67.1,0.207,0.364,0.28,0.272,0.153,0.382,0.377,0.343,0.322,0.014,0,0.003,85.6,18.4,37.1,12,7.2,4.8,22.2,33.5,25.1,7.2,28.9,64.2,21.1,30.6,57.7,42.3,112,194,54.4,633,68,6.4,0,643,517,78.9,72,45.6,37.9,34.3,46,58.9,33.5,26.9,26.9,12.6,1272,55.5,94.3,2505,-9.9,-11.3,22,1,44.4,84.1,2618,10.8,-47.7,14,1.2,,,,,,,,Cody Allen,-0.1
Barnes,Danny,2017,66,0.197,0.351,0.275,0.273,0.151,0.321,0.314,0.27,0.266,0.003,0.02,0.004,87.9,21.9,30.9,10,5.6,5.6,20.2,40.4,25.3,2.8,30.9,72.1,21.2,26.3,36.1,63.9,52,144,51.5,547,86.2,6.1,296,718,49,78.8,79,48.5,42.1,25.4,48.5,61.9,33.1,28.7,23,15.2,1063,67.5,92,2277,-13.2,-15.5,22.4,1.3,4.6,83.5,2372,-0.4,-34.2,8.1,2.7,27.8,79.5,1423,-15.4,-40.7,16.3,1.5,Danny Barnes,-0.1
Devenski,Chris,2017,80.2,0.187,0.34,0.26,0.259,0.149,0.326,0.341,0.266,0.286,-0.013,0.001,-0.009,85.2,16.4,28.7,12,6.4,6.4,17,33,31.4,5.9,25.5,67.2,27.2,31.5,54.6,45.4,112,205,51.3,651,76.1,9.2,480,504,285,72.8,113,48.7,39.2,36.4,48.9,64.9,41,27.1,20.7,11.2,1412,40.6,94.1,2362,-13.2,-13.9,22.6,1.3,21,82.8,2359,3.9,-38.9,7.5,2.1,38.3,83,1505,-15.4,-36.1,16.4,1.4,Chris Devenski,-0.1
De La Rosa,Jorge,2017,51.1,0.235,0.372,0.301,0.319,0.134,0.346,0.338,0.311,0.306,0.005,0.024,0.005,84.9,11.1,23.3,6,4,5.3,26,25.3,33.3,6,28,76.2,20.6,26.6,56.2,43.8,68,121,53.5,455,83.3,7.1,292,512,46,79.4,62,46.5,38.9,30.8,49.5,55.3,49.3,25.3,20,5.3,894,60.4,92.1,1929,9.4,-20.5,17,3.1,5.3,74.9,2621,-11.1,-61.6,16.7,3.3,34.2,84.4,1400,11.4,-36.4,12.8,1.2,Jorge De La Rosa,0
Garcia,Jaime,2017,157,0.267,0.438,0.335,0.337,0.164,0.365,0.38,0.329,0.338,-0.006,-0.009,-0.011,86.7,4.6,32.2,26,5.4,5.8,24,17.3,40.1,7.3,37,65.3,17.2,29.2,43,57,165,384,54.2,1313,76.7,8,454,1473,497,82.8,125,45.8,40.5,26.1,45.7,56.5,55.5,17.5,23,4,2467,60.5,90.8,2323,7.4,-21.8,15.4,1.3,20.7,79.6,2793,-10.5,-49.8,12.7,4.6,18.7,83.2,2003,14,-33.2,15.9,1.6,Jaime Garcia,0
Andriese,Matt,2017,86,0.268,0.472,0.344,0.33,0.199,0.392,0.401,0.338,0.344,-0.004,-0.003,-0.006,89.2,12.6,32.7,18,6.8,9.4,25.9,23.3,31.2,3.4,38.6,69,18.5,26.7,40.3,59.7,77,191,49.9,715,78,9.2,439,634,360,81.5,92,50.1,42.2,24.7,48,61.5,45.5,21.1,23.3,10.2,1433,44.2,92.1,2382,-9.8,-15.8,20.1,1.2,25.1,82.7,2624,4.3,-49.7,10.9,3,30.6,86,2100,-5.6,-37.8,6.6,1.4,Matt Andriese,0
Straily,Dan,2017,181.2,0.236,0.419,0.311,0.3,0.179,0.394,0.367,0.336,0.311,0.02,0.047,0.019,86.2,17.5,32.8,38,7.1,5.2,24.2,33.1,24.3,6,29.2,70,19,29.3,44.6,55.4,204,457,50.7,1559,80.7,8.3,547,1547,980,81,202,49.3,41.8,26.6,49.4,62,35.8,27.2,24.9,12.2,3051,50.4,90.4,2230,-7.9,-13.6,22.1,1.3,32.1,82.8,2408,5.8,-35.7,9.2,3.7,17.4,83.4,1409,-11.8,-33.7,14.3,1.5,Dan Straily,0
Peralta,Wandy,2017,64.2,0.214,0.32,0.272,0.288,0.1,0.333,0.302,0.296,0.281,0.013,0.062,0.021,85.4,7,25.4,4,2.2,5.5,20.4,22.1,40.9,8.8,31.5,71.3,22.4,28,54.1,45.9,79,146,51.3,521,73.8,6.4,201,540,274,77.6,79,48.7,44.3,31.7,49.1,56.3,55.8,20.4,18.8,5,1015,53.2,96.5,2118,10.2,-13.4,20.3,1.2,26.9,86.3,2136,-1.6,-31.3,7.6,1.7,19.8,86.7,2087,12.4,-27.6,16,2.3,Wandy Peralta,0
Parker,Blake,2017,67.1,0.2,0.356,0.265,0.253,0.152,0.307,0.368,0.267,0.313,-0.028,-0.054,-0.037,86.8,9.2,33.1,10,6.6,5.3,21.9,24.5,37.1,4.6,33.8,66.8,24.6,29.8,46.3,53.7,76,164,52.1,551,81.9,6.8,336,632,88,75.4,83,47.9,42.2,31.9,47.3,59.4,48.3,25.8,20.5,5.3,1056,59.8,93.5,2213,-5.1,-13.8,18,1.1,8.3,79.4,2241,5.6,-54,12.2,1.6,31.8,82.3,1034,-8.5,-39.3,9.4,1.5,Blake Parker,0.1
Norris,Bud,2017,62,0.235,0.361,0.301,0.321,0.124,0.373,0.373,0.344,0.341,0.001,0.01,0,88.5,11.3,34.4,8,4.9,1.8,33.7,25.2,32.5,1.8,31.9,68.8,19.6,27,51.9,48.1,84,162,54.7,600,76.2,7.7,2,870,224,80.4,67,45.3,36.5,30.2,46,53.2,44.8,19,29.4,6.7,1096,79.3,92.3,2456,-4.4,-20.4,14.9,2.6,20.4,84.9,2670,4.3,-41.4,6.4,1.6,0.1,87.5,1945,-12.3,-26.7,16.2,1.5,Bud Norris,0.1
Gearrin,Cory,2017,68,0.215,0.315,0.292,0.33,0.095,0.301,0.31,0.281,0.29,-0.007,0.006,-0.006,86.3,9,28.5,4,2.2,4.5,22.9,27.4,39.7,3.4,33.5,64.6,21.5,24.7,45.3,54.7,62,137,52,554,68.5,8.6,115,585,366,78.5,71,48,38.8,28.5,44,60.4,49.2,20.7,22.9,7.3,1066,54.8,91.7,2279,-16.6,-28.2,17.9,1.4,34.3,84.8,2739,7.7,-32.6,11,1.7,10.7,84.9,2056,-13.8,-37.9,14.2,1.2,Cory Gearrin,0.1
Farmer,Buck,2017,48,0.253,0.408,0.325,0.334,0.153,0.425,0.373,0.377,0.336,0.032,0.074,0.035,88.6,19.6,31.5,9,6.2,4.1,24,37.7,26.7,1.4,34.9,66.5,21.2,25.5,37.4,62.6,46,123,53.6,482,66.1,6.9,148,558,194,78.8,59,46.4,39.2,26.2,44.6,63.9,33.6,31.5,25.3,9.6,900,62,91.7,2215,-13.2,-18,20.4,1.9,21.5,80.1,2544,1.6,-38.7,6.1,2.4,16.4,84.9,1893,-15.6,-34.2,16.8,1.7,Buck Farmer,0.1
Hembree,Heath,2017,62,0.264,0.47,0.336,0.315,0.2,0.437,0.429,0.398,0.365,0.025,-0.004,0.006,87.7,13.2,35.7,16,8.8,6.6,24.2,25.8,31.3,3.3,36,70.8,23.8,30.9,43.8,56.3,77,176,51.9,569,82.1,7.7,0,601,496,76.2,89,48.1,42.7,29.9,50.2,61.3,41.8,24.2,25.8,8.2,1097,54.7,95.3,2366,-6.4,-12.4,19.1,1.6,45.2,87.4,2529,4.7,-32.1,9.3,4.1,,,,,,,,Heath Hembree,0.1
Faria,Jake,2017,86.2,0.233,0.389,0.311,0.312,0.151,0.338,0.363,0.301,0.318,-0.008,-0.012,-0.017,87.5,17.8,34.2,15,6.3,8,24.1,29.1,26.6,5.5,36.3,67.2,20.5,25.9,49.7,50.3,94,189,50.6,729,78.9,7.9,246,777,415,79.5,98,49.4,40.3,28.8,46.3,54.6,38.8,19.4,28.7,13.1,1438,54,91.7,2150,-1.7,-13.6,20,1.1,28.8,82,1958,3.3,-39.6,6.9,3.5,17.1,81.3,1240,-11.5,-35.8,13.9,1.7,Jake Faria,0.1
Sewald,Paul,2017,65.1,0.255,0.429,0.322,0.319,0.17,0.367,0.4,0.324,0.35,-0.018,-0.025,-0.022,87.2,16.5,35.7,13,7.1,7.7,23.1,33,23.1,6,33,67.4,21.7,26.3,37.7,62.3,55,146,49.2,555,82,8.9,46,722,361,78.3,84,50.8,42.4,26,47.2,61.1,34.6,28,28.6,8.8,1129,63.9,91.4,2361,-16.3,-19.9,21.4,1.4,31.9,82.9,2226,4.3,-40.2,6.3,1.7,4,82.5,1864,-17.4,-36.3,18.5,1.5,Paul Sewald,0.1
Madson,Ryan,2017,59,0.219,0.312,0.254,0.265,0.088,0.28,0.341,0.277,0.325,-0.032,-0.056,-0.04,84.3,2.6,28.1,5,3.6,4.3,25.9,15.1,42.4,8.6,28.8,64,22.6,35.9,40,60,64,160,52.2,446,80,6.4,131,562,160,77.4,59,47.8,43,29.2,49.2,59.4,56.1,12.2,26.6,5,929,65.8,95.3,2181,-15.3,-16.6,21,1.7,19.1,82.7,2415,4.8,-52.2,12.8,1.9,14.9,85.5,1900,-14.5,-26.4,19,1.3,Ryan Madson,0.2
Hernandez,Felix,2017,86.2,0.278,0.515,0.366,0.341,0.233,0.394,0.436,0.336,0.362,-0.02,-0.047,-0.029,86.6,9,37.7,25,9.7,5.8,22.6,17.5,37.7,6.6,33.9,64.8,14,30.7,36.4,63.2,80,220,51.9,717,66.7,7.8,358,611,412,86,60,48.1,43.2,21.7,47.1,61.1,48.6,21.8,26.5,3.1,1381,44.2,90.6,2097,-8.7,-20.6,16.3,1.2,29.8,81.1,2376,8.9,-47.1,12.4,2.9,25.9,86.5,1812,-9.9,-34.2,10.9,1.4,Felix Hernandez,0.2
McCarthy,Brandon,2017,92.2,0.262,0.356,0.303,0.32,0.091,0.325,0.339,0.32,0.329,-0.006,-0.002,-0.011,84.3,12.3,32.3,4,1.4,5,29.4,25.2,33,6,21.3,64,14.9,29.6,29.2,70.8,62,212,49.7,717,70.9,7.1,37,1073,332,85.1,69,50.3,43.8,19.4,46.8,65.1,44,18.8,27.3,9.9,1463,74.4,92.5,2244,-6.2,-18.1,17.4,1.6,23,80.7,2619,14,-48.9,15.5,2.3,2.5,88.6,2216,-14.4,-23.9,18.9,1.2,Brandon McCarthy,0.2
Vargas,Jason,2017,179.2,0.264,0.447,0.335,0.326,0.178,0.364,0.376,0.325,0.328,0,-0.005,-0.009,86.7,14.6,34,31,5.5,7.2,23.8,28.1,30.8,4.7,32.5,60.3,19.1,26,33.9,66.1,129,380,50,1461,70.2,7,947,1380,593,80.9,168,50,45.5,23.6,43.2,65.9,41,22.4,27.4,9.3,2920,47.2,85.6,2197,9.7,-23.1,17.7,1.4,20.3,72.1,2491,-13.8,-65.3,17.7,1.6,32.4,79.5,2278,12.4,-31.8,17.3,1.3,Jason Vargas,0.2
Cueto,Johnny,2017,147.1,0.287,0.483,0.362,0.354,0.192,0.406,0.429,0.36,0.374,-0.01,-0.013,-0.015,86.9,13.8,39.7,33,7.3,5.8,30.6,23.3,27.3,5.8,33.3,69.1,17.2,32.2,34,66,152,447,55.2,1390,77.5,5.6,514,1422,583,82.8,134,44.8,42.2,23.2,48.6,64.5,41.2,21.3,30.4,7.1,2519,56.4,90.8,2181,-9.8,-18.7,19.4,2,23.1,83.9,2203,2.9,-31.4,10.2,2.1,20.4,82,1471,-11.3,-36.4,13.4,2.2,Johnny Cueto,0.2
Warren,Adam,2017,57.1,0.22,0.351,0.274,0.277,0.126,0.243,0.332,0.229,0.299,-0.047,-0.089,-0.061,85.3,12.9,34.6,5,3.3,7.2,22.9,30.1,30.7,5.9,24.8,70.3,18.9,27.3,32,68,47,147,57.4,538,82.7,5.5,95,365,478,81.1,53,42.6,42,23.4,45.6,52.5,43.8,25.5,24.2,6.5,1012,38.8,92.7,2207,-5.8,-13.7,19.4,1.2,51.4,85.3,2268,5,-34.7,9,2.9,9.6,85.2,1745,-17.9,-30.2,19.6,1.2,Adam Warren,0.2
Smith,Joe,2017,54,0.216,0.323,0.255,0.256,0.103,0.366,0.359,0.351,0.332,0.013,0.01,0.004,85.5,6.4,28.8,7,5.3,3,27.3,21.2,35.6,7.6,31.8,61.8,21.1,35.8,33.8,66.2,45,133,46.4,372,67.6,8.5,5,534,262,78.9,56,53.6,43.7,25.4,49.7,67.3,50,20.5,23.5,6.1,828,66.6,88.9,2031,-18.3,-32.8,19.2,1,32.7,80.7,2314,12.9,-33.3,15.9,1.1,0.6,79.1,1689,-14.7,-47.9,15.7,1.4,Joe Smith,0.2
Bibens-Dirkx,Austin,2017,69.1,0.285,0.523,0.368,0.339,0.233,0.36,0.394,0.311,0.329,-0.015,-0.045,-0.028,87.1,14.3,35.7,21,8.8,7.1,23.9,26.1,28.6,5.5,34,67.8,15.2,24.5,34.9,65.1,52,149,52,609,71.2,6.2,187,484,500,84.8,58,48,40.4,20.8,45.3,60.9,40.8,25.6,26.5,7.1,1171,41.3,90.3,2091,-15.1,-20,21.3,1.1,42.6,84.4,2349,1.6,-35,8.4,3.8,15.9,84.6,1724,-15.3,-32,17.4,1.6,Austin Bibens-Dirkx,0.2
Moore,Matt,2017,174.1,0.278,0.515,0.369,0.346,0.233,0.404,0.425,0.356,0.351,0.005,-0.029,-0.015,88.5,14.7,36.4,51,9,7,23.6,26.9,29.4,4,40,66.5,14.6,25.2,35.7,64.3,123,345,47.7,1369,73.4,8,457,1906,508,85.4,146,52.3,42.6,20.1,46.8,61.3,38.6,24.8,28,8.6,2871,66.3,91.3,2238,11.4,-16.6,21.2,2.1,17.6,81.1,2394,-5.1,-47.1,7.7,1.4,15.9,83.1,1727,16.1,-31.8,18.9,2,Matt Moore,0.2
Jennings,Dan,2017,62.2,0.24,0.365,0.307,0.334,0.119,0.31,0.34,0.29,0.311,-0.013,-0.017,-0.021,84.1,2.2,26.2,10,5.5,3.3,22.4,12.6,44.3,12,30.6,60.8,14.9,22,40.2,59.8,43,107,46.8,487,79.7,7.1,0,540,500,85.1,50,53.2,42.9,21,42.6,60.7,61.7,10.4,21.9,6,1040,51.9,91.9,2283,8.8,-24,13,1.3,48,83.1,2484,-11.7,-40.2,12.3,1.5,,,,,,,,Dan Jennings,0.2
Wilson,Alex,2017,60,0.277,0.462,0.337,0.329,0.18,0.362,0.384,0.335,0.338,0.002,-0.024,-0.017,87,13.6,35.5,16,8,5,22.5,25.5,32,7,37.7,72.6,12.8,30.8,32.4,67.6,48,148,50.9,481,80.3,6.5,3,554,388,87.2,43,49.1,43.3,18.9,51.2,55.4,42.5,20.5,27.5,9.5,945,58.6,92.8,2211,-8.4,-15.4,19,1,41,87.1,2511,4,-29.6,10,2.7,0.3,88.4,1990,-17.4,-27,19.5,1.5,Alex Wilson,0.2
Triggs,Andrew,2017,65.1,0.259,0.416,0.324,0.321,0.151,0.35,0.36,0.325,0.323,0.007,-0.006,-0.008,88.5,8.2,29.5,12,5.7,5.7,21.4,23.3,41.4,2.4,33.8,63,15.3,27.3,41.8,58.2,69,165,55.9,605,72,7.6,7,473,600,84.7,46,44.1,39.3,24.7,43,58,48.6,20,26.2,5.2,1080,43.7,88.9,2389,-15.7,-32.3,16.5,1.6,55.5,79.5,2551,8.5,-43.9,10.1,4.1,0.6,82.3,1903,-15.1,-42.1,15.7,1.5,Andrew Triggs,0.2
Feliz,Michael,2017,48,0.245,0.416,0.322,0.321,0.168,0.498,0.44,0.421,0.38,0.031,0.094,0.034,88.1,15.1,47.6,10,7.9,12.7,27.8,24.6,23,4,41.3,68.1,26.1,25.6,50,50,56,112,48.7,438,78.5,7.2,10,645,244,73.9,82,51.3,40.8,32.4,47.4,63.3,31,26.2,33.3,9.5,899,71.7,96.3,2297,-6.4,-11.1,19.7,1.5,27.1,84.7,2192,2.8,-33.1,7.2,2.3,1.1,87.6,2097,-9.1,-19,18.9,1.6,Michael Feliz,0.2
Neris,Hector,2017,74.2,0.228,0.411,0.313,0.307,0.179,0.367,0.392,0.338,0.328,0.011,-0.036,-0.015,86.4,16.2,34.2,15,7.4,7.4,23.8,30.7,24.3,6.4,33.3,71.7,28.8,32.4,45.6,54.4,88,193,48.4,596,81.9,10.3,631,597,3,71.2,131,51.6,43.1,33.7,52.7,59.4,35.1,26.7,27.2,10.9,1231,48.4,94.6,2439,-10.7,-14.8,20.5,1.1,0.2,88,2081,5.5,-28.9,9.7,1.5,51.2,87,1568,-12.8,-32.9,14.3,1.2,Hector Neris,0.2
Pruitt,Austin,2017,83,0.272,0.445,0.335,0.325,0.168,0.404,0.382,0.372,0.337,0.028,0.03,0.017,88.1,9.9,32.7,20,7.2,5.4,24.1,24.1,36.3,2.9,32.7,65.3,14.5,30.1,38.2,61.8,79,207,51.7,688,73.5,7.7,182,562,585,85.5,61,48.3,44.7,22.3,47,66,46,20.5,27.7,5.8,1329,42.2,91.6,2296,-5.8,-17.1,18.2,1,44,85.2,2750,2.2,-40.3,8.8,3.7,13.6,85.4,1863,-12.9,-30.4,15.7,1.1,Austin Pruitt,0.2
Kintzler,Brandon,2017,71.1,0.26,0.4,0.309,0.31,0.134,0.292,0.332,0.288,0.305,-0.012,-0.058,-0.033,85,4.7,31.3,10,4.3,3.9,23,19.6,41.3,7.8,27.8,63,7.1,27.7,27.5,72.5,42,153,49.8,552,71.7,8.3,56,898,155,92.9,25,50.2,39,13.3,45.4,62.5,55.2,14.3,23.5,7,1162,81.1,93.5,1984,-14.9,-17.9,20.5,1.1,13.4,87.2,2241,1.8,-29.4,7.9,1.5,5.4,89,2176,-17.3,-22.5,21.4,1.3,Brandon Kintzler,0.3
Jansen,Kenley,2017,68.1,0.174,0.271,0.209,0.203,0.093,0.337,0.34,0.317,0.31,0.003,-0.001,-0.002,83.8,17.4,32.4,6,4.3,4.3,23.7,31.7,25.9,10.1,23.4,68.8,31,36.7,48.1,51.9,76,158,43.1,430,79.8,9.4,0,918,79,69,121,56.9,43.5,36,54.6,72.9,39.6,20.1,23.7,16.5,1226,91.7,93.3,2589,6.3,-12.5,19.8,1.6,8.2,83.3,2408,7.7,-39.2,8.7,1.6,,,,,,,,Kenley Jansen,0.3
Fields,Josh,2017,57,0.21,0.389,0.286,0.268,0.176,0.333,0.361,0.272,0.298,-0.016,-0.01,-0.019,89.5,21,34.7,10,6.8,9.5,21.1,36.7,23.8,2,39.5,78.3,22.6,29.2,39.5,60.5,45,114,43.7,390,84.6,8.7,22,703,166,77.4,89,56.3,42.5,26.4,56.8,67.7,29.9,33.3,25.9,10.9,910,79.1,95.5,2235,-3.4,-8.5,22.1,1.2,18.4,79.4,2036,6.9,-53.6,12.1,2.5,2.4,80.8,1566,-10.8,-32.9,15.2,1.7,Josh Fields,0.3
Anderson,Chase,2017,141.1,0.223,0.368,0.287,0.289,0.141,0.328,0.337,0.295,0.3,-0.003,-0.006,-0.006,84.4,13.3,31.7,17,4.4,7.7,19.1,30.7,30.7,7.5,26,67.9,20.7,26.9,33.5,66.5,105,313,51.6,1162,78.9,7.8,362,1477,412,79.3,153,48.4,42.7,24.5,46.7,61.2,41.2,24,24.7,10.1,2251,65.6,92.4,2222,-7.5,-15.6,20.1,2.2,18.3,78.2,2212,5.8,-56.3,11.5,1.3,16,83.6,2278,-18.3,-25.7,24,1.2,Chase Anderson,0.3
Darvish,Yu,2017,186.2,0.235,0.382,0.3,0.299,0.143,0.371,0.376,0.324,0.335,-0.007,0.015,-0.004,85.7,12.9,35.7,31,6.3,5.7,26.6,25.2,29.4,6.9,31.4,64.9,20.5,27.3,47.3,52.7,190,402,48.5,1472,72.1,8,79,2020,933,79.5,208,51.5,43.5,28.2,46.8,58.9,42.6,23.9,25.6,7.9,3283,66.2,92.9,2491,-4.5,-19.2,15.8,3.2,31.1,81,2635,15.3,-47.5,17.5,4.6,2.5,87.7,1804,-9.9,-28,13.3,1.7,Yu Darvish,0.3
Alexander,Scott,2017,69,0.241,0.35,0.301,0.32,0.103,0.316,0.334,0.318,0.315,0.005,-0.025,-0.012,86.4,-4.6,24,6,3.1,4.6,20.4,5.6,59.2,7.1,35.2,70.9,20.9,26.8,51,49,73,143,50.3,533,80,7.6,19,995,45,79.1,78,49.7,42.4,29.3,48.7,60.6,73,8.2,17.9,1,1059,93.9,93.2,2226,9.1,-29,10.1,1.3,4.2,85.7,2319,-7.2,-40.3,8.1,1.4,1.7,86,1674,10.8,-35.6,11.5,1.5,Scott Alexander,0.3
Bettis,Chad,2017,46.1,0.267,0.408,0.315,0.312,0.138,0.39,0.347,0.34,0.32,0.019,0.092,0.034,84,6.8,32.3,7,4.4,3.2,24.7,24.7,35.4,7.6,27.2,66.5,14,26.9,37.1,62.9,36,97,48.9,360,66.7,8.2,187,435,114,86,35,51.1,43.2,20.5,47.1,60,50,20.3,25.9,3.8,736,59.1,89.5,1907,-1,-21.6,14.1,2.5,15.4,74.7,2195,10.2,-53.7,11.3,2.6,25.4,85,1512,-8,-31.4,11.5,1.7,Chad Bettis,0.3
Freeman,Sam,2017,60,0.225,0.305,0.282,0.317,0.072,0.29,0.313,0.293,0.306,-0.009,-0.021,-0.015,84.6,6.3,26.1,3,1.8,2.4,26.7,20.6,42.4,6.1,27.9,63.3,17.5,30,43.6,56.4,65,149,52.4,496,76.8,7.3,193,543,210,82.5,50,47.6,45,26.7,45.8,56.7,58.2,17.6,20.6,3.6,946,57.3,95.3,2113,7.6,-15.8,18,1.2,22.1,84.1,2634,-6.5,-42.2,7.8,1.5,20.4,86.6,1330,11.8,-32.8,13.2,1.2,Sam Freeman,0.3
McFarland,T.J.,2017,54,0.27,0.379,0.303,0.326,0.104,0.342,0.322,0.34,0.309,0.03,0.027,0.016,85.7,-4.7,25.4,4,2.1,4.7,24.9,10.4,48.2,9.8,31.1,74.5,7.9,27.8,32.3,67.7,41,127,55.1,457,82.5,6.9,103,605,121,92.1,22,44.9,43.1,15.6,48.7,53.1,68.9,10.9,19.7,0.5,829,72.9,91.4,2049,16.1,-29.7,17,1,14.5,81.5,2311,-6,-44,7.5,1.1,12.4,84.4,1725,14.5,-36.5,15.3,1.2,T.J. McFarland,0.3
Tepera,Ryan,2017,77.2,0.219,0.352,0.295,0.314,0.128,0.316,0.344,0.288,0.308,-0.014,-0.021,-0.017,84.6,14.3,32.7,11,5.5,4.5,24.6,29.6,30.2,5.5,29.1,72.5,18.2,30.2,49.3,50.7,105,213,55.4,705,79.7,5.4,0,1257,14,81.8,75,44.6,38.8,28.9,49.1,62.4,42.7,23.6,22.6,11.1,1271,98.8,92.4,2358,-6.8,-21.4,15,3.7,1.1,83.1,2310,6.1,-42.2,7.2,1.5,,,,,,,,Ryan Tepera,0.3
Jackson,Luke,2017,50.2,0.298,0.486,0.367,0.37,0.183,0.345,0.402,0.329,0.357,-0.02,-0.077,-0.043,88.8,10.4,35.7,11,6.5,4.8,28,23.8,31.5,5.4,40.9,73,14.2,29.8,40.6,59.4,52,128,54.6,429,80,7.6,9,406,370,85.8,37,45.4,39.7,22,49.6,62.1,42.9,21.4,28,7.7,785,51.7,94.6,2116,-6.7,-12.4,19.7,1.2,47.1,84.3,2187,0.6,-43.5,7,2.7,1.1,85.6,2117,-23.2,-41.2,24,1.6,Luke Jackson,0.3
Norris,Daniel,2017,101.2,0.284,0.497,0.367,0.357,0.209,0.406,0.42,0.37,0.359,0.011,-0.023,-0.01,88.6,13.5,35.6,25,7.7,8.3,25.5,26.4,29.4,2.8,37.7,63,14.9,24.2,43.4,56.6,96,221,49.9,912,73.5,8.3,227,999,600,85.1,86,50.1,39.8,22.8,43.6,55.2,39.6,24.8,27.9,7.7,1826,54.7,93.1,2410,7.2,-14.9,19,1.4,32.8,84.4,2462,-5.1,-41.8,10,5.2,12.4,86.1,1551,12.7,-36.2,13.5,1.9,Daniel Norris,0.3
Barnes,Jacob,2017,72,0.203,0.317,0.277,0.299,0.108,0.339,0.324,0.303,0.293,0.012,0.041,0.01,85.4,5.7,30.3,8,4.3,6.4,20.7,20.2,43.1,5.3,29.8,71.5,22.3,31.8,53.4,46.6,119,223,57.1,701,81.6,6.2,0,1225,2,77.7,84,42.9,42.4,33.8,48.9,59.9,54.3,18.6,22.3,4.8,1227,99.8,94,2371,-0.4,-18.6,13.1,3.8,0.1,81.6,2017,5,-40.8,5,1.4,,,,,,,,Jacob Barnes,0.3
Iglesias,Raisel,2017,76,0.219,0.328,0.274,0.29,0.104,0.319,0.349,0.308,0.327,-0.012,-0.031,-0.018,85.9,12.1,34.4,7,3.8,4.8,26.3,24.7,35.5,4.8,26.3,66.6,23.1,31.5,47.1,52.9,88,187,48.3,594,76.3,7.9,167,690,374,76.9,98,51.7,45.1,30.4,49.6,65,43,20.4,30.1,6.5,1231,56,96.2,2382,-12.4,-12.8,21.9,1.7,30.3,85.2,2534,9.4,-33.3,11.6,2.5,13.5,88.2,1777,-16.3,-27.3,18.9,1.8,Raisel Iglesias,0.3
Colon,Bartolo,2017,143,0.288,0.504,0.356,0.328,0.211,0.425,0.394,0.371,0.338,0.03,0.05,0.025,87.8,12.1,34,38,7.3,7.6,24.1,25.8,29.4,5.7,37.4,64.3,9.2,28.4,20.9,79.1,68,325,50.1,1143,74.4,7.4,222,1893,166,90.8,67,49.9,46.1,12.7,46.4,65.1,44.2,24.7,24.7,6.5,2281,82.9,87.8,2124,-14.7,-24.7,20.3,2.3,7.2,81.5,2334,2.8,-37.4,8,1.7,9.7,81.3,1678,-14.3,-33.6,18.1,1.3,Bartolo Colon,0.4
Wainwright,Adam,2017,123.1,0.286,0.427,0.339,0.351,0.136,0.381,0.38,0.354,0.355,0,0.016,0.001,86,7.8,35,17,4.3,3.8,29.8,20.3,34.5,7.5,33.5,63.3,12.7,26,29.1,70.9,85,292,52.7,1125,71.2,7.3,88,1480,556,87.3,81,47.3,42.4,18.1,43.7,59.5,49.8,17.3,29.3,3.8,2124,69.6,88,2249,-4.7,-25,14.4,3.8,26.1,72.5,2643,15.7,-67.6,20.6,3.3,4.1,81.4,1788,-13.8,-31.8,17.3,2.2,Adam Wainwright,0.4
Liriano,Francisco,2017,97,0.261,0.416,0.345,0.359,0.151,0.393,0.38,0.356,0.339,0.018,0.038,0.009,87.1,10.9,33.7,18,6.1,5.4,27.6,23.2,33.7,4,34.1,61.9,17.4,23.9,39.8,60.2,92,231,55.6,968,76.2,7,294,875,571,82.6,83,44.4,43.3,24.6,40.8,54.4,45.5,20.9,26.3,7.4,1783,50.5,93,2045,12.5,-19.8,17.7,1.6,32.8,85.4,2267,-3.7,-33.2,7.4,2.6,16.6,85.4,1764,13.9,-28.9,16.6,1.6,Francisco Liriano,0.4
Fister,Doug,2017,90.1,0.247,0.39,0.317,0.329,0.136,0.355,0.361,0.328,0.329,0.007,0.007,-0.005,85.9,6.5,29.9,13,4.9,6.3,26.9,18.7,35.8,7.5,34.7,58.3,14,26.6,30.1,69.9,65,216,53,811,70.8,6.3,107,1168,256,86,59,47,42.1,19.5,41.5,60.2,53,18.7,23.5,4.9,1569,75.9,88.8,2039,-11.2,-24.6,16.2,2.7,16.9,73.4,2108,7.1,-63.5,14,1.3,7,82.6,1769,-14.7,-31.5,17.1,1.4,Doug Fister,0.4
Gallardo,Yovani,2017,130.2,0.277,0.484,0.362,0.355,0.201,0.378,0.396,0.33,0.339,-0.006,-0.012,-0.013,87.4,11.7,34.1,30,7.1,4.7,24.4,25.4,32.7,5.7,35.1,66.4,14.8,25.1,34.2,65.8,105,307,53.6,1223,77.5,6,228,1161,894,85.2,104,46.4,45.1,20.6,44.3,58,45,19.7,25.6,9.7,2283,50.8,92.2,2127,-7.1,-14.3,20.1,1.6,39.1,85.3,2368,5.1,-35.9,10.2,5,9.9,86.4,1931,-14.4,-24.9,19.1,1.7,Yovani Gallardo,0.4
Estrada,Marco,2017,186,0.235,0.416,0.312,0.303,0.178,0.391,0.36,0.335,0.307,0.021,0.047,0.021,86.6,21.3,30.8,39,7,5,21.8,39.4,22.1,4.7,30.2,70.4,22.6,27.1,28.9,70.9,126,436,49.6,1607,80.7,6.4,1034,1958,251,77.4,260,50.4,45.5,24.3,49,58.7,31.3,29.7,23.6,15.5,3243,60.3,89.5,2401,-4.8,-13.4,23.3,1.7,7.7,77.5,2662,4.5,-60.1,12.5,1.4,31.8,77.5,2125,-11.8,-27.4,23.8,1.5,Marco Estrada,0.4
Holland,Greg,2017,57.1,0.189,0.34,0.276,0.283,0.146,0.333,0.338,0.29,0.286,0.004,-0.002,-0.002,87.8,13.5,33.3,6,4.3,7.2,21,30.4,32.6,4.3,34.8,60.7,23.8,27.7,62.3,37.7,76,122,49.8,440,73.1,7.6,0,391,492,76.2,64,50.2,41.4,35.8,44.3,61.3,40.6,23.9,27.5,8,901,43.8,93.4,2298,-1,-14,18.1,1.5,56.1,84.7,2202,4.1,-37.1,7.3,3.7,,,,,,,,Greg Holland,0.4
Conley,Adam,2017,102.2,0.277,0.49,0.362,0.356,0.209,0.391,0.394,0.342,0.336,0.006,0.001,-0.002,86.5,13.4,33.4,28,8.2,6.5,23.2,27,26.4,8.8,37.5,69.4,16.5,24.9,39,61,83,213,49.7,855,79.4,7.6,320,1099,301,83.5,99,50.3,41.2,22.5,47.3,57.7,42.2,24,24.9,8.8,1720,63.8,89.7,2298,14.1,-20.9,20.3,1.6,17.5,84.5,2068,3,-34.2,7.2,2.2,18.6,82.6,2073,17.8,-30.7,20.9,1.5,Adam Conley,0.4
Lorenzen,Michael,2017,83,0.238,0.37,0.303,0.319,0.127,0.346,0.349,0.324,0.318,0.006,0.002,-0.003,84.4,3.4,30,11,4.5,3.7,25.9,16.9,39.5,9.5,29.6,66.6,16.5,26.2,43.6,56.4,79,181,50.7,692,69.9,7.5,30,969,366,83.5,74,49.3,45.5,24.3,46.1,51.8,57.2,15.2,23.5,4.1,1365,70.9,95.3,2271,-10.7,-16.6,19.1,2.3,26.8,85.7,2522,2.9,-37.4,5.9,3.2,2.1,88.5,1735,-13,-21.7,19.4,1.3,Michael Lorenzen,0.4
Bradley,Archie,2017,73,0.235,0.364,0.287,0.292,0.125,0.304,0.364,0.293,0.332,-0.028,-0.063,-0.039,87.5,6.5,31.2,9,4.8,4.2,27.5,20.6,39.7,3.2,36.5,66,18,24.4,39.7,60.3,50,126,45.1,517,79.3,7.6,1,867,279,82,75,54.9,42.3,23.3,47.2,59,49.2,17.5,26.5,6.9,1260,76.3,96.3,2373,-9,-13.4,19.1,1.3,23.5,83.3,2018,4.9,-47.8,12.7,3.2,0,88.6,1634,-16.8,-28.5,17.8,,Archie Bradley,0.4
Morgan,Adam,2017,54.2,0.251,0.404,0.31,0.31,0.15,0.403,0.401,0.345,0.358,-0.009,0.032,0.001,86.4,12.2,35.1,11,7.4,3.4,26.4,25,33.1,4.7,28.4,68.8,24.9,35.9,49.4,50.6,85,172,52.9,479,66.2,7.5,228,300,377,75.1,73,47.1,44,34,51.3,61.6,45.3,21.6,24.3,8.8,905,33.1,94.4,2445,15.3,-17.4,21.3,1.6,41.6,81.5,2705,-8.2,-38.4,11.9,3.1,25.1,82.6,1791,14.3,-28.4,19.1,1.8,Adam Morgan,0.4
Perdomo,Luis,2017,163.2,0.276,0.428,0.343,0.35,0.146,0.368,0.373,0.349,0.339,0.009,-0.002,-0.004,87.3,0.4,26.7,26,5,3.8,26.7,13,46.3,5.3,36.2,64.5,12.7,25.9,42.4,57.6,146,344,52,1327,68.5,8.3,131,1604,817,87.3,100,48,39.9,21.6,44.5,61.3,62.3,14.7,20.8,2.3,2552,62.8,94,1955,-19.5,-23.5,21.8,1.5,32,84.4,2338,-0.7,-42.8,6.1,1.6,5.1,87.2,1488,-17.6,-31.2,19.1,1.5,Luis Perdomo,0.4
Gsellman,Robert,2017,119.2,0.276,0.435,0.339,0.342,0.152,0.372,0.366,0.334,0.331,0.004,0.027,0.005,84.7,5.4,33.6,20,4.8,4.3,24.5,20.4,36.9,9.1,31.2,69.4,13.2,27.8,25.5,74.5,77,302,53.2,1088,77.8,7.5,200,1290,557,86.8,88,46.8,41.5,17,47.2,64.7,51.3,19.7,24.7,4.3,2047,63,92.8,2107,-17.3,-19.8,22.1,1.5,27.2,85.1,2375,0.5,-38,10,5,9.7,85.4,1627,-17.5,-28,20.6,1.9,Robert Gsellman,0.4
Rodney,Fernando,2017,55.1,0.221,0.325,0.288,0.318,0.1,0.303,0.35,0.294,0.329,-0.021,-0.04,-0.029,85.3,6.1,25.4,4,2.9,3.6,27.5,22.5,36.2,7.2,27,59.9,23.2,26.8,46.4,53.6,65,140,53.9,522,62.8,8.1,377,577,14,76.8,62,46.1,41,31.1,42,58.9,53.6,21.7,19.6,5.1,991,59.6,94.5,2075,-11.8,-17.1,19.3,1.6,1.5,85.3,2277,2.6,-35.5,4.6,1.5,38.8,83.5,1791,-15.7,-31.4,18.4,1.6,Fernando Rodney,0.5
Clippard,Tyler,2017,60.1,0.209,0.371,0.3,0.308,0.158,0.367,0.357,0.301,0.304,0,0.033,0.005,84.5,18.1,34,9,5.7,9.4,21.4,33.3,18.9,11.3,30.2,72.7,27.4,26.7,39,61,62,159,53.5,596,86.7,5.4,690,423,0,72.6,103,46.5,43.5,30.8,48.1,58.7,34.6,30.2,24.5,10.7,1113,38,90.9,2283,-7.2,-13.4,21.5,1.1,,,,,,,,61.9,80.1,2002,-9.3,-33,15.6,2,Tyler Clippard,0.5
Dyson,Sam,2017,54.2,0.276,0.429,0.342,0.368,0.145,0.381,0.355,0.349,0.325,0.02,0.044,0.02,85.8,0.1,25.9,8,4.1,6.2,18.1,13,51.3,7.3,30.1,66.3,11.1,27.4,36.2,63.8,46,127,50.1,464,78.3,7.4,137,770,20,88.9,34,49.9,40.3,18.4,46.8,53.1,65.3,11.9,19.2,3.6,927,83,93.9,2375,-9.4,-23.8,15.8,2.9,2.1,81.4,3117,12.8,-51.5,15.5,1.6,14.7,88.9,1948,-14.8,-32.7,15.8,1.3,Sam Dyson,0.5
Romo,Sergio,2017,55.2,0.218,0.399,0.293,0.287,0.177,0.345,0.363,0.29,0.306,-0.011,-0.015,-0.012,85.8,16.3,37.2,11,7.6,6.9,21.4,30.3,29.7,4.1,27.3,66.7,24.6,30.9,50,50,82,164,58.4,530,84.9,5.8,66,311,530,75.4,62,41.6,41.1,34.4,45.9,58.9,37.9,24.8,26.2,11,907,34.2,86.1,2222,-16.1,-28.2,19.8,1.3,58.4,77,2898,14.8,-39,17.9,1.7,7.2,80.6,1966,-18.5,-36.9,20.4,1.2,Sergio Romo,0.5
Herrera,Kelvin,2017,59.1,0.248,0.448,0.321,0.305,0.197,0.391,0.383,0.331,0.322,0.007,0.024,0.006,87.9,8.3,32.4,15,8.2,6.6,23.6,20.9,38.5,2.2,38.1,71,20,32.4,38.4,61.6,61,159,49.5,491,78.7,9,177,707,107,80,71,50.5,44.1,25.5,52,60.9,46.7,25.3,23.6,4.4,991,71.3,97.2,2251,-10.9,-14.4,18.8,2,10.7,86.5,2490,5,-34.6,7.1,2,17.8,90.3,1811,-15.9,-25.8,18.1,1.5,Kelvin Herrera,0.5
Drake,Oliver,2017,56,0.288,0.43,0.345,0.36,0.138,0.427,0.428,0.391,0.399,-0.005,0.023,-0.001,86.9,6.7,36.6,9,5.5,4.9,31.1,18.3,34.8,5.5,34.8,65,21.6,28.7,40.6,59.4,63,155,51.7,541,81.8,6.3,509,538,0,78.4,71,48.3,43.7,27.6,46.3,62.9,50.6,17.1,27.4,4.9,1047,51.3,91.9,2088,-5.2,-12.8,21.1,1.3,,,,,,,,48.6,83.3,1128,-6.3,-31,12,1.4,Oliver Drake,0.5
Pazos,James,2017,53.2,0.224,0.321,0.296,0.318,0.093,0.381,0.349,0.352,0.324,0.024,0.067,0.02,86.9,5.9,32.9,6,4.1,5.5,22.6,19.9,43.2,4.8,34.5,67.4,21.4,25.9,43.9,56.1,50,114,47.9,440,72.3,7.1,0,683,236,78.6,69,52.1,43,27.4,47.9,63.8,51.4,18.5,25.3,4.8,919,74.3,95.6,2041,14.9,-17.5,19.8,1.4,25.6,81.7,2069,-4.2,-42.1,5.7,2,,,,,,,,James Pazos,0.5
Ramos,Edubray,2017,57.2,0.261,0.391,0.324,0.345,0.128,0.39,0.424,0.377,0.395,-0.008,-0.027,-0.02,88.2,13,35.9,8,5.2,5.9,32.7,24.8,25.5,5.9,35.3,58.3,17.7,28.3,50,50,68,136,47.9,480,66.3,9.5,3,425,575,82.3,54,52.1,40.5,27.5,44.1,60.5,39.2,22.2,30.1,8.5,1003,42.3,94.3,2555,-5,-14,18,1.5,57.3,82.7,2613,10.6,-42.9,11.5,2.4,0.2,82.5,1839,-9.2,-27.1,16.4,1.5,Edubray Ramos,0.5
Davies,Zach,2017,191.1,0.288,0.434,0.341,0.345,0.14,0.351,0.373,0.328,0.347,-0.013,-0.01,-0.018,85.2,6.2,34.2,25,4,4.8,28.3,18.6,35.5,8.9,30.7,63.9,13.3,24.5,28.6,71.4,115,402,53.3,1639,77.6,6.2,430,2170,475,86.7,122,46.7,45.2,18,42.9,57.3,51.4,16.4,27.5,4.8,3075,70.5,89.1,2135,-13.7,-23.5,19.1,1.9,15.4,73.4,2603,10.1,-65.2,16.2,1.3,13.9,79.4,1794,-16.1,-34.5,19.1,1.3,Zach Davies,0.5
Garrett,Amir,2017,70.2,0.273,0.495,0.374,0.368,0.218,0.444,0.424,0.344,0.353,-0.004,0.08,0.014,89.1,12.5,29.2,16,7.4,8.3,26.9,23.6,28.7,5.1,39.4,68.6,13.5,21.7,40.3,59.7,54,134,50,618,72.6,7.7,182,767,286,86.5,57,50,42.6,19.9,45.1,56.4,43.5,29.6,22.2,4.6,1235,62.1,91.6,1953,8.9,-17.1,18.4,1.8,23.1,79.5,1578,-3.7,-39.8,7.1,1.7,14.7,80.8,1574,8.7,-25.5,18.5,1.7,Amir Garrett,0.5
Kuhl,Chad,2017,157.1,0.263,0.424,0.337,0.348,0.157,0.388,0.387,0.35,0.346,0.006,0.017,0.001,87.9,10.8,36.7,26,5.7,6.5,27.4,23.5,31.3,5.7,38.5,65.4,16.3,24.5,41.1,58.9,138,336,51.1,1372,76.4,7.9,263,1702,718,83.7,140,48.9,41.2,23.3,44.5,58.1,43,20.9,29.3,6.7,2683,63.4,95.4,2146,-14.2,-14.8,21.2,1.7,26.7,87.1,2608,3.5,-37.2,7.4,3.3,9.8,88.7,1745,-17,-26.4,19.2,1.8,Chad Kuhl,0.5
Petit,Yusmeiro,2017,91.1,0.214,0.366,0.266,0.256,0.15,0.319,0.353,0.296,0.306,-0.007,-0.045,-0.023,86.7,21.5,31.6,13,5.6,5.6,26.9,36.3,21.4,4.3,33.9,69.4,17.4,29.3,38.1,61.9,80,210,53.3,717,83.5,6.8,228,842,274,82.6,76,46.7,44.9,24.2,48.1,63.8,33.8,28.6,22.6,15,1344,62.6,88.6,2204,-5,-17.3,17.6,2.3,20.3,77.1,2144,11.9,-40.8,13.3,1.3,16.9,82,1853,-10.1,-24.5,18.2,1.2,Yusmeiro Petit,0.6
Richard,Clayton,2017,197.1,0.28,0.414,0.329,0.337,0.128,0.409,0.372,0.379,0.347,0.028,0.068,0.028,86.5,1,29.4,28,4.4,3.4,30.8,11.9,42.3,7.2,33.3,67.2,13.3,30.3,33.2,66.8,162,488,53.5,1612,72.7,6.2,330,2072,612,86.7,125,46.5,44.1,20,47.4,62.5,60.5,13.3,23.8,2.5,3014,68.7,90.4,2090,14.9,-29.9,16.5,1.5,20.3,81.5,2211,-1.8,-44.2,6.6,2.5,10.9,83.7,1848,14.6,-37.4,15.7,2,Clayton Richard,0.6
Wilson,Justin,2017,58,0.196,0.314,0.283,0.309,0.115,0.345,0.35,0.303,0.313,-0.006,0.013,-0.002,86.6,19.2,31.8,6,4.5,6.1,24.2,35.6,25.8,3.8,27.3,66.1,27.3,25.4,33.3,66.7,48,144,50.1,566,75.9,7,2,1010,118,72.7,102,49.9,43.2,29,45.8,53.4,37.9,25,22.7,14.4,1139,89.4,94.9,2438,5,-12.6,19.9,2.3,10.3,84.8,2440,-4.5,-39.1,6,1.6,0.1,89.9,1523,18.1,-24.6,20.8,1.4,Justin Wilson,0.6
Garcia,Luis,2017,71.1,0.234,0.352,0.284,0.303,0.112,0.288,0.324,0.293,0.303,-0.005,-0.055,-0.026,85.7,2.9,27.8,8,3.8,4.8,22,18.2,41.6,9.6,33,67.8,17.2,27.8,49.3,50.7,67,136,49.2,490,71.6,8.1,132,628,236,82.8,59,50.8,42.9,26.3,48.1,58,57.4,13.4,22.5,6.7,996,63,97.1,2053,-9.6,-16.6,16.1,1.2,23.6,84.8,2358,11,-35.7,11.7,1.6,13.2,87.6,1019,-5.9,-30.9,8.9,1.5,Luis Garcia,0.6
Hunter,Tommy,2017,58.2,0.192,0.294,0.24,0.245,0.096,0.321,0.298,0.289,0.274,0.01,0.039,0.016,84.3,11.1,32.9,5,3.4,2,24.2,27.5,33.6,9.4,25.9,66.3,18.7,35.6,38,62,63,166,53.6,466,77.2,6.6,0,645,224,81.3,50,46.4,43.8,26,49.9,65.4,46.3,22.1,21.5,10.1,869,74.2,95.4,2478,-6.3,-18.1,15.3,1.8,25.7,85.3,2755,8.9,-43.4,10.7,1.5,,,,,,,,Tommy Hunter,0.6
Peacock,Brad,2017,132,0.202,0.329,0.28,0.29,0.122,0.333,0.343,0.309,0.303,0.004,-0.007,-0.006,85.5,12.6,30.8,17,5.2,4.3,21.8,28.6,33.8,6.2,25.2,61.9,23.2,25.7,45.3,54.7,136,300,51.9,1167,70.3,7.3,99,1153,994,76.8,155,48.1,43,30,43.1,63.2,43.7,21.8,25.2,9.2,2484,53.1,92.3,2303,-16.3,-20.2,21,1.3,42.5,81,2646,10,-39.6,13.6,2.4,4.3,81.2,2002,-19.6,-36,21,2,Brad Peacock,0.6
Kelly,Joe,2017,58,0.246,0.368,0.312,0.335,0.115,0.27,0.349,0.266,0.328,-0.044,-0.089,-0.053,89.1,6.5,32.3,7,4.4,4.4,26.6,19,42.4,3.2,36.7,67.7,21.3,26.3,33.8,66.2,45,133,49.3,505,72,7.3,31,648,346,78.7,75,50.7,42.8,24.7,47.3,63.9,51.3,19.6,25.9,3.2,1072,62.6,99,2228,-11.9,-12.4,20.4,1.5,34.1,86.4,2820,5.3,-43.4,10.5,4.1,3.1,87.2,2104,-16.6,-28.5,19.4,2.4,Joe Kelly,0.6
Lyles,Jordan,2017,69.2,0.286,0.483,0.356,0.343,0.19,0.458,0.401,0.398,0.351,0.039,0.086,0.042,87,6.8,36.2,16,6.6,7.4,23.9,16.9,38.3,7,37.3,68.3,14.4,26.6,40.5,59.5,68,168,50.5,631,77.3,7.8,74,679,497,85.6,61,49.5,41,21.7,47.3,55.2,50.2,21,25.1,3.7,1250,54.3,93.8,2195,-10.5,-17.2,17.9,1.5,39.7,86.7,2392,2.4,-36.2,9,3.8,5.9,85.7,1730,-13.3,-32.2,14.7,1.6,Jordan Lyles,0.6
Vincent,Nick,2017,64.2,0.244,0.401,0.29,0.283,0.152,0.321,0.348,0.318,0.308,0.013,-0.048,-0.02,84.1,18.9,40.2,9,4.5,6.5,25.1,34.7,22.1,7,26.6,73.6,16.3,36.9,28.1,71.9,47,167,47.8,452,81.7,8.7,45,887,13,83.7,59,52.2,46.7,20,56.1,66.8,34.7,27.6,26.6,11.1,945,93.8,88.6,2443,-1.8,-21.3,15.5,1.9,1.3,81,2647,9.1,-44.8,11.6,2,4.7,84.4,1822,-16.5,-28.8,19.8,1.3,Nick Vincent,0.6
Grace,Matt,2017,50,0.267,0.413,0.326,0.343,0.14,0.317,0.35,0.313,0.323,-0.001,-0.046,-0.025,84.5,-1.1,28.8,8,4.9,3.7,20.9,13.5,44.2,12.9,28.8,63.8,12.4,26.3,29.7,70.3,27,91,46,346,71.1,10.1,36,536,180,87.6,32,54,41,16.9,46.5,60.9,63.2,14.1,20.9,1.8,752,71.2,90.9,1741,13.8,-25.4,16.5,1.3,23.9,82.9,1939,-4.4,-37.4,6.6,1.3,4.7,86,1596,14,-30.6,16.3,1.5,Matt Grace,0.6
Brebbia,John,2017,51.2,0.229,0.403,0.296,0.289,0.171,0.325,0.365,0.262,0.312,-0.036,-0.018,-0.028,87.4,22,44.4,11,7.7,5.6,22.5,43.7,18.3,2.1,33.6,64.8,18,31.6,49.1,50.9,55,112,46.2,354,78.6,7.3,18,434,313,82,48,53.8,45,27.1,49.6,71.3,26.1,34.5,29.6,9.9,765,56.7,94.1,2285,-9.4,-13.2,20.3,1.4,40.9,82.8,2538,7.6,-37.5,8.8,1.8,2.3,87.9,1981,-16.5,-26.8,18.6,1.4,John Brebbia,0.6
Jackson,Edwin,2017,76,0.265,0.492,0.353,0.33,0.222,0.425,0.402,0.35,0.331,0.019,0.056,0.017,86,15.8,34,23,9.2,4.8,19.2,30.8,29.2,6.8,32.4,67.9,14.8,23.7,47.7,52.3,73,153,49.5,645,74.7,6.7,82,787,433,85.2,66,50.5,43.9,23.2,46,55.5,38.8,29.2,20.8,11.2,1302,60.4,93.1,2235,-7.3,-16.5,17.6,1.8,33.2,85,2311,1.1,-35.8,6.2,4,6.2,87.5,2127,-16.7,-21.9,21.9,1.3,Edwin Jackson,0.7
Cashner,Andrew,2017,166.2,0.274,0.407,0.334,0.349,0.127,0.3,0.338,0.287,0.316,-0.024,-0.042,-0.029,86.8,10.4,32.3,21,3.9,4.4,26.4,25.9,33.2,6.2,32.3,66.1,9.9,23.4,28.7,71.3,89,310,50.2,1322,76.4,8.1,355,1760,516,90.1,86,49.8,42.9,14.9,44.6,58.5,48.8,18.9,25.1,7.2,2631,66.8,93.2,2104,-14.1,-18.6,20.1,2.3,19.6,85.4,2120,1.6,-37.6,8.1,4,13.4,84.9,1495,-14.6,-30.4,17.1,1.4,Andrew Cashner,0.7
Nicasio,Juan,2017,72.1,0.23,0.352,0.28,0.289,0.117,0.318,0.341,0.297,0.315,-0.013,-0.019,-0.015,86.9,10.8,32.7,9,4.6,5.6,23,25.5,36.7,4.6,33.3,71.7,22.4,27,28.7,71.3,43,150,45.9,555,82,10.1,22,875,311,77.6,105,54.1,43.3,23.5,51.3,67.4,46.4,18.9,26,8.7,1208,72.4,95.3,2070,-10.6,-14,20,1.7,25.7,88.5,1992,0.6,-27.7,8.6,2,1.8,87.1,1841,-11,-24.5,16.6,1.5,Juan Nicasio,0.7
Teheran,Julio,2017,188.1,0.263,0.44,0.338,0.335,0.171,0.368,0.379,0.323,0.332,-0.006,0.003,-0.008,86.2,12.9,30.8,37,6.4,5,25.3,29,28.2,6.2,30.2,67.9,16.6,26.5,33.9,66.1,142,419,51.6,1582,78.6,7.3,199,1986,879,83.4,167,48.4,41.7,21.7,46.6,64.2,40.9,25.9,24.9,8.2,3064,64.8,91.3,2229,-11.2,-20.7,17.8,1.9,28.6,79.7,2502,5,-41.9,8.8,5.5,6.4,81.9,1595,-13.9,-30.3,17.9,2.1,Julio Teheran,0.7
Stratton,Chris,2017,58.2,0.267,0.404,0.337,0.352,0.132,0.355,0.376,0.339,0.348,-0.001,-0.012,-0.014,85.6,10.1,41.5,8,4.5,4.5,28.4,24.4,30.1,8,29.5,64.6,13.6,25.3,43.3,56.7,58,134,50.9,529,79.7,6.6,79,648,313,86.4,45,49.1,45.9,22.2,44.5,59,46,18.2,31.8,4,1040,62.3,91.5,2495,-1.9,-16.1,17,1.3,30,80,2998,13.9,-47.7,15.6,3.8,7.5,84.1,1658,-8.5,-28,14.1,1.2,Chris Stratton,0.7
Davis,Wade,2017,58.2,0.204,0.35,0.293,0.306,0.142,0.333,0.378,0.298,0.327,-0.018,-0.04,-0.024,84.8,13.2,37.9,9,6.8,6.1,27.3,24.2,30.3,5.3,28.2,69.7,27.2,30.7,45.1,54.9,82,182,56.3,592,70.8,6.2,0,831,220,72.8,87,43.7,44.1,33.9,47.6,58.7,41.7,20.5,27.3,10.6,1178,78.8,92.8,2438,-2.8,-17.3,15.9,2.7,21.1,83.4,2508,5.3,-49.3,10.8,1.8,,,,,,,,Wade Davis,0.8
Baez,Pedro,2017,64,0.242,0.394,0.316,0.326,0.148,0.359,0.367,0.303,0.326,-0.017,0.024,-0.005,86.8,17.6,38.9,12,6.5,5.4,23.2,34.1,27.6,3.2,29.2,78.7,28.7,28.8,40.4,59.6,69,171,50.5,593,73.1,6.6,131,852,191,71.3,131,49.5,45.7,31.8,53.5,57.5,35.1,23.8,29.7,11.4,1174,72.5,97.1,2265,-7.3,-10,21.3,1.3,16.2,88.2,1759,3.5,-26.9,10.1,1.8,11.1,87.8,1748,-11,-21.3,18.7,1.3,Pedro Baez,0.8
Brach,Brad,2017,68,0.227,0.397,0.304,0.301,0.167,0.317,0.369,0.287,0.317,-0.019,-0.058,-0.034,86.3,12.2,35.2,13,7.3,5.6,24.6,25.1,30.2,7.3,33.5,70.7,21.4,27.4,39,61,64,164,51,599,84.5,7.1,261,746,168,78.6,87,49,42,26.4,48.6,58.5,42.5,22.3,26.3,8.9,1175,63.4,94.9,2351,-8.5,-15.8,18.6,1.3,14.2,86,2591,7.6,-37.8,8.6,1.6,22.2,87,1996,-16.2,-36.4,16.9,1.5,Brad Brach,0.8
Gaviglio,Sam,2017,74.1,0.288,0.496,0.365,0.354,0.201,0.39,0.402,0.325,0.349,-0.018,0.016,-0.009,87.4,8.2,32.8,19,8.1,5.1,23,20,37,6.8,38.3,61.7,12.3,23,34.7,65.3,43,124,46.1,538,70.5,9.6,114,660,393,87.7,48,53.9,44.9,17.7,43.9,61.7,50.2,19.6,24.3,6,1167,56.5,88.7,2087,-13.6,-23.9,17.7,1.3,33.6,81.6,2137,3.5,-40.2,6.6,2.6,9.7,83.9,1590,-14.3,-32.6,16.2,1.3,Sam Gaviglio,0.8
Giles,Ken,2017,62.2,0.196,0.297,0.257,0.27,0.097,0.33,0.34,0.312,0.316,0.002,0,-0.006,86.5,13.8,31.7,6,4.2,4.2,26.8,28.2,32.4,4.2,33.8,68.5,23,31.7,59.3,40.7,86,145,48,457,81,8.8,1,502,449,77,78,52,44.4,33.9,50.8,61.9,45.1,21.1,21.8,12,1116,54.1,98.1,2458,-9.5,-12,20.2,1.3,45.7,87,2405,-0.9,-38.7,3.5,1.6,0,85.6,2476,-11,-40.4,11,,Ken Giles,0.8
Glasnow,Tyler,2017,62,0.279,0.483,0.379,0.388,0.199,0.475,0.417,0.407,0.356,0.04,0.092,0.039,86.9,12.5,33,15,7.4,4.9,27.6,22.7,32,5.4,35,60.8,12,24,40.4,59.6,61,151,51.6,630,82.8,7.6,126,815,278,88,43,48.4,42.8,20.4,41.8,56.7,43.8,26.1,23.2,6.9,1219,66.8,94.2,2193,-8.1,-14.7,17.6,2,22.8,79.9,2571,8.7,-52.8,14.4,1.7,10.3,87.9,1623,-11.1,-27.4,13.4,1.6,Tyler Glasnow,0.8
Romano,Sal,2017,87,0.244,0.376,0.309,0.326,0.127,0.381,0.337,0.345,0.311,0.031,0.074,0.031,85.8,6.2,27,12,4.4,5.2,24.1,21.1,36.7,8.5,34.1,62.2,16.9,24.1,36.2,63.8,64,177,49.1,734,75.4,8.2,129,932,434,83.1,80,50.9,41.1,22.1,43.5,54.9,53.3,18.5,22.2,5.9,1495,62.3,95.3,2081,-11.3,-13.8,20.4,1.4,29,87,2404,2.5,-34.4,5.3,1.8,8.6,89,1617,-11.2,-22.3,17.2,1.6,Sal Romano,0.8
Wacha,Michael,2017,165.2,0.252,0.396,0.309,0.313,0.139,0.377,0.366,0.353,0.333,0.015,0.013,0.007,86.3,9.6,32.6,27,5.6,3.9,24.7,23.3,36.7,5.8,30.1,66.7,18.4,26.6,35.6,64.4,121,340,47.7,1279,81.3,8,497,1873,308,81.6,172,52.3,44.9,23,47.5,65.8,50.1,19.6,24.7,5.6,2678,69.9,94.1,2155,-5.7,-14.4,17.7,2.7,11.5,76.5,2234,6.2,-60.2,14.8,1.5,18.5,87.8,1702,-10.7,-23.6,16.1,1.5,Michael Wacha,0.8
Hammel,Jason,2017,180.1,0.286,0.492,0.357,0.337,0.202,0.375,0.412,0.347,0.355,-0.002,-0.05,-0.028,88,15.5,35.5,45,7.5,6.8,25.4,28.4,27.7,4.2,32.1,66.4,13.4,29,41,59,176,429,49.2,1481,75.7,8.6,107,1507,1397,86.6,136,50.8,41.5,21.5,47.9,62.6,38.2,28.6,25.4,7.8,3011,50,92.1,2178,-12.8,-17.5,19.9,1,46.3,83.4,2435,3.6,-42,6.9,3.7,3.5,85.1,1764,-16.4,-28.5,19.1,1,Jason Hammel,0.9
Strop,Pedro,2017,60.1,0.204,0.311,0.276,0.298,0.102,0.315,0.315,0.292,0.292,0.002,0.01,-0.001,84.5,5,25,5,3.2,4.5,20.5,19.2,42.9,9.6,27.1,64.5,23.7,27.2,63.6,36.4,91,143,51.8,526,81.3,6.3,161,565,290,76.3,75,48.2,45.6,36.1,45.1,54.4,60.9,15.4,19.9,3.8,1092,55.1,96,2356,-11.9,-14.1,20.3,1,28.3,84.8,2404,2.9,-38,4.9,1.4,16.4,89.4,2288,0,-27.7,7.4,1.4,Pedro Strop,0.9
Anderson,Brett,2017,55.1,0.337,0.521,0.395,0.391,0.18,0.408,0.44,0.38,0.402,-0.015,-0.023,-0.025,88.1,4.3,40.1,10,5.2,7.3,29.7,13,38.5,6.3,37,65.4,15.5,26.7,31.7,68.3,40,126,52.6,472,76.4,8,128,467,302,84.5,43,47.4,45.3,20.7,45,57.4,50.5,13.5,33.3,2.6,897,52,90.6,1882,12.2,-19.6,19.7,1.6,33.6,79.7,2316,-4.6,-53,10.1,3.9,14.2,83.5,1593,14.7,-28.9,18.8,1.5,Brett Anderson,0.9
Colome,Alex,2017,66.2,0.224,0.355,0.28,0.297,0.125,0.306,0.323,0.294,0.291,0.008,-0.018,-0.012,86.9,8.2,24.9,9,4.6,5.6,21.3,23.9,38.1,6.6,35,69.7,18.9,26.9,43.1,56.9,59,137,51.3,510,70.9,7.9,46,949,0,81.1,64,48.7,41.3,26.1,47.8,60.5,50.3,22.3,18.8,8.6,995,95.3,91.4,2118,-1.1,-22.1,12.1,3.2,,,,,,,,4.6,90.7,2146,-7.8,-24.7,12.1,1.2,Alex Colome,0.9
Zimmermann,Jordan,2017,160,0.302,0.522,0.373,0.35,0.217,0.413,0.414,0.367,0.355,0.011,0.006,-0.001,88.7,16.6,37.4,43,7.7,7.2,27.7,30.6,23.1,3.8,35.4,67.8,12.2,27.5,34.3,65.7,116,338,46.5,1227,79.7,8.9,162,1425,1053,87.8,117,53.5,43.2,18,49.1,67.5,34.7,26.5,29.9,8.9,2640,53.9,92.2,2339,-9.2,-16.4,19.1,1,39.8,84.6,2389,3.5,-37,8.4,3.6,6.1,86.3,2245,-14.9,-28.2,17.6,1,Jordan Zimmermann,0.9
Matz,Steven,2017,66.2,0.286,0.477,0.353,0.341,0.186,0.41,0.398,0.369,0.349,0.019,0.027,0.01,87.6,8.2,31.1,15,6.6,5.7,28.5,19.3,32.9,6.6,37.7,62.9,14.2,23.2,29.8,70.2,39,131,48.2,564,71.3,8,157,691,322,85.8,54,51.8,46.3,18.2,43.8,59.1,48.7,21.5,23.7,6.1,1170,59,93.1,2070,13.1,-19.7,17.7,1,27.5,79.4,2353,-8.1,-49.5,11.2,3.2,13.4,83.6,2223,15.7,-30.9,17.9,1.2,Steven Matz,0.9
Claudio,Alex,2017,82.2,0.242,0.326,0.265,0.282,0.076,0.286,0.302,0.285,0.296,-0.007,-0.008,-0.012,84.9,0,25.2,4,1.6,4.8,23.6,10.4,50.4,9.2,29.3,64.9,14.5,34.9,33.3,66.7,67,201,51.1,576,55.7,7,339,639,150,85.5,52,48.9,43.9,21.5,49.6,63.2,67.6,10.8,18.4,3.2,1128,56.6,86.7,2006,16.5,-42.2,17.5,1,13.2,77.1,2221,-5.5,-43.7,7.7,1.1,30,71.1,2215,17.3,-58.2,17.8,2,Alex Claudio,0.9
Ray,Robbie,2017,162,0.22,0.38,0.305,0.311,0.156,0.367,0.408,0.316,0.352,-0.021,-0.024,-0.023,89.1,13.6,31.5,23,6.2,7.3,27,25.3,29.6,4.6,41,62.9,22.7,27.3,59.4,40.6,230,387,52.3,1417,68.4,6.5,0,1603,1105,77.3,184,47.7,40.7,34.5,44.2,60,42,25.3,23.5,9.2,2830,59,94.2,2276,8.9,-13.8,19.8,1.7,40.9,83.3,2069,-1,-40,6.6,2.9,,,,,,,,Robbie Ray,0.9
Chafin,Andrew,2017,51.1,0.234,0.372,0.305,0.317,0.133,0.379,0.385,0.356,0.344,0.012,0.002,-0.004,86,1.6,30.7,8,5.8,5.8,27,10.2,46,5.1,33.1,63.3,14.6,27.9,48.9,51.1,68,139,56.8,499,74,5.7,4,536,338,85.4,35,43.2,40.9,27.1,43.2,52.5,57.7,13.9,25.5,2.9,894,60.4,93.5,2125,12.4,-18.8,17.9,1.2,39.1,82.5,2291,-1.9,-41.3,4.5,2.1,0.4,85.8,1851,14,-24.9,18.6,1.5,Andrew Chafin,0.9
Rodon,Carlos,2017,69.1,0.246,0.406,0.324,0.331,0.157,0.4,0.388,0.344,0.344,0,0.032,0.007,89.1,11.7,33.7,14,7.5,4.8,26.7,24.1,32.1,4.8,41.2,61.8,20,25.5,38.7,61.3,58,150,49.9,588,80.2,7.7,163,718,298,80,73,50.1,42.5,25.5,43.8,56.2,44.9,22.5,28.3,4.3,1179,60.8,93.3,2157,9,-16.8,18.2,2.1,25.2,85.1,2450,-9.7,-37.2,10.7,2.2,13.8,83.5,1708,11.5,-32.3,14.2,1.9,Carlos Rodon,0.9
Suter,Brent,2017,81.2,0.261,0.39,0.307,0.312,0.124,0.345,0.351,0.329,0.326,0.002,-0.003,-0.005,83.8,10.9,35.6,11,4.3,3.6,26.9,26.9,32.8,5.5,24.5,64.5,14.7,29.4,38.1,61.9,69,181,48,615,66.7,8.7,147,903,232,85.3,63,52,43.4,21.6,47.7,67.4,45.5,14.2,31.2,9.1,1282,70.4,85.8,2125,-1.2,-22.2,14.6,1.7,18,74.2,2247,-9.6,-51.1,10.1,1.7,11.4,80.2,1780,10.6,-27.1,18.4,1.5,Brent Suter,0.9
Blach,Ty,2017,163.2,0.295,0.456,0.345,0.34,0.155,0.341,0.363,0.317,0.332,-0.012,-0.017,-0.019,85.7,9.2,32.9,21,3.7,7,24.7,23,34.1,7.7,32.8,66,12.3,23,25.7,74.3,72,280,48.4,1217,79.3,7.9,597,1509,407,87.7,105,51.6,43,15.6,45.2,61.7,47.8,18.4,27.1,6.6,2513,60,90.1,2104,15.6,-20,22.3,1.1,16.1,77.4,2231,-2.6,-52.5,7,2.2,23.7,80.2,1990,18.2,-32.6,22.6,1.2,Ty Blach,0.9
Ross,Tyson,2017,49,0.272,0.453,0.377,0.404,0.175,0.372,0.376,0.335,0.333,0.003,-0.002,-0.002,85.6,10.2,29.7,11,7,3.2,26.6,24.1,34.2,5.1,28.5,61.8,12.7,25.4,29.6,70.4,42,142,57.8,558,68.6,7.2,2,626,338,87.3,32,42.2,37.7,18.7,40.9,46.2,48.1,22.2,23.4,6.3,966,64.8,91.2,2515,-8.8,-21.9,15.8,1.8,34.9,84.6,2658,2.3,-38.4,4.2,1.7,0.2,84.7,1890,-8.9,-29.5,13.4,1.5,Tyson Ross,1
Bundy,Dylan,2017,169.2,0.244,0.443,0.326,0.308,0.196,0.358,0.384,0.311,0.322,-0.004,-0.023,-0.018,88.2,19.2,34.2,38,7.8,6.1,23.6,36.1,22.1,4.3,36.3,67.8,18.7,30.9,39.4,60.6,177,449,51.5,1451,74.5,7.1,380,1513,923,81.3,173,48.5,43.1,25.4,48.8,59.6,33.2,30.3,25.8,10.7,2816,53.7,92.1,2469,-8.6,-13.3,22.1,1.7,32.7,80.3,2403,5.3,-45.8,8.8,4.8,13.4,83.6,1754,-13.8,-28,19.1,1.6,Dylan Bundy,1
Knebel,Corey,2017,76,0.178,0.284,0.257,0.29,0.102,0.366,0.373,0.34,0.337,0.002,-0.007,-0.003,86.4,15.5,29.8,8,5.7,4.3,24.8,30.5,27.7,7.1,32.6,62.5,30.4,25.7,46.4,53.6,83,179,51.3,697,73.6,6.7,0,974,384,69.6,126,48.7,43.3,35.2,43.6,51.5,39,19.9,26.2,14.9,1358,71.7,97.3,2442,-6.6,-9.6,20.8,1.2,28.2,80.5,2594,10.2,-57.3,17.5,1.5,,,,,,,,Corey Knebel,1
Kennedy,Ian,2017,154,0.263,0.524,0.367,0.337,0.257,0.385,0.426,0.313,0.337,-0.017,-0.039,-0.029,89.3,17.6,35.8,51,11.1,6.6,22.3,31.7,25.3,3.1,35.8,66.8,17.9,22.8,36.3,63.7,107,295,49.1,1294,74,7.7,291,1610,735,82.1,161,50.9,44.2,22.5,45.3,58.2,36.2,32.5,23.1,8.1,2636,61,92.1,2351,-12.8,-14.8,21.9,1.2,27.8,81.4,2290,2.8,-46.5,11.6,4.7,11,85.1,1973,-17.1,-25.4,21.6,1.7,Ian Kennedy,1.1
Hernandez,David,2017,55,0.246,0.403,0.298,0.279,0.151,0.327,0.375,0.318,0.327,-0.007,-0.065,-0.034,88.5,13.2,29.6,7,4.6,4.6,24.3,29.6,32.2,4.6,37.5,70.2,16,31.2,51.2,48.8,62,121,48.6,388,86,7.1,0,611,187,84,46,51.4,43,26.4,51.2,59.8,44.1,26.3,22.4,7.2,821,76.7,91.7,2309,-8.7,-20.9,16.1,3.4,23.2,81.3,2301,11.3,-43.1,12.1,1.5,,,,,,,,David Hernandez,1.1
Oh,Seunghwan,2017,59.1,0.259,0.444,0.314,0.309,0.182,0.398,0.385,0.36,0.332,0.026,0.02,0.01,84.9,19.3,34.9,14,7.3,4.2,21.9,38,21.9,6.8,28.1,73.2,24.2,33,34.2,65.8,55,161,47.4,488,82.3,7.7,77,893,58,75.8,96,52.6,41.7,27.1,54.1,63.3,30.2,32.3,25.5,12,1028,86.8,90.9,2254,-5.1,-19.6,16.1,3.8,5.6,79.5,2304,2.5,-45.1,7.6,2.9,7.4,84.4,1681,-14.2,-26.8,19.5,2.4,Seunghwan Oh,1.1
Senzatela,Antonio,2017,134.2,0.26,0.407,0.326,0.329,0.141,0.357,0.362,0.314,0.327,-0.006,0.03,-0.004,86.9,6.7,32.8,22,5.4,5.4,24.3,18.7,39.7,6.6,34.5,64,13.4,19.2,35,65,69,197,46.4,1027,80.1,8.8,60,1595,559,86.6,102,53.6,42.4,18,43.2,61.7,50.4,17.3,26.5,5.8,2214,72,94.3,2150,-3.6,-15.5,16,1.9,25.2,82.1,2178,7.1,-40.7,8.4,3,2.7,85.1,2068,-6.9,-24.8,15.1,2,Antonio Senzatela,1.1
Shields,James,2017,117,0.264,0.487,0.356,0.344,0.219,0.397,0.409,0.326,0.34,-0.011,0.003,-0.008,87.6,15.1,35.9,31,8.7,6.4,26.9,27.5,25.8,4.8,37.3,67.6,18.6,23.6,40.2,59.8,101,251,52.9,1065,76.6,7,220,1297,402,81.4,119,47.1,39.3,24.6,44.3,57.9,39.8,30.8,23.2,6.2,1919,67.5,88.4,2323,-4.9,-23.6,13.7,2.8,20.9,78.1,2507,5,-49.2,7.8,2,11.4,82.6,1678,-16,-32.7,18,1.6,James Shields,1.2
Alvarez,Jose,2017,48.2,0.265,0.459,0.322,0.308,0.189,0.38,0.404,0.345,0.347,-0.002,-0.033,-0.018,86.1,12.9,35.6,10,6.8,6.2,25.3,24.7,31.5,5.5,32.2,72.5,17.1,31.2,37.3,62.7,47,126,53.2,404,83.3,7.1,130,449,181,82.9,44,46.8,41.7,23.7,50.5,60.1,39,21.2,30.8,8.9,760,59,91.1,2317,10.3,-18.6,18.5,1.6,23.8,80.2,2402,-6.3,-42.2,7.4,2.6,17.1,81.5,1894,13.1,-33.2,15.9,1.4,Jose Alvarez,1.2
Duffy,Danny,2017,146.1,0.251,0.407,0.314,0.307,0.153,0.358,0.369,0.334,0.327,0.006,-0.01,-0.008,86,14.9,32,23,5.3,6.7,25.8,27,28.3,6.9,30,69.5,17.7,26.6,46.1,53.9,125,271,44.9,1020,81.5,8.8,520,1077,677,82.3,154,55.1,44.2,24.5,50.2,64.9,41,25.3,24.4,9.2,2274,47.3,92.9,2173,6,-13.7,19.1,1.4,29.7,82.8,2313,-7.4,-40.5,8.8,2.4,22.8,83.7,2410,11.4,-26.3,17.1,1.7,Danny Duffy,1.2
Hand,Brad,2017,79.1,0.198,0.307,0.259,0.267,0.105,0.338,0.345,0.302,0.312,-0.007,0.012,-0.004,85.7,11.8,29.4,9,5,3.9,23.3,28.3,35.6,3.9,26.7,62,19,30.3,52.9,47.1,101,191,52.6,631,67.9,7,1,613,585,81,67,47.4,42.1,30.9,45.3,57.6,46.1,23.3,21.7,8.9,1199,51.1,93.4,2444,10.1,-21.1,16.9,1.3,48.7,81.5,2653,-20,-48.8,21.1,2.4,0,87.5,2438,9.2,-30.8,11.6,,Brad Hand,1.2
Barnes,Matt,2017,69.2,0.213,0.328,0.283,0.295,0.108,0.356,0.349,0.328,0.319,0.011,0.026,0.004,86,8.4,30.3,8,4.6,4.6,24.6,20.6,40,5.7,29.1,64.9,22.1,24.5,50,50,79,158,53.6,644,66.2,6.4,0,661,540,77.9,80,46.4,42.7,30.5,43.4,57.8,49.7,16.6,26.9,6.9,1201,55,95.2,2252,-7.2,-11.1,20.3,1.1,44.9,83,2093,2.6,-46.6,12.1,3.9,,,,,,,,Matt Barnes,1.2
Edwards Jr.,Carl,2017,66.1,0.171,0.266,0.269,0.308,0.091,0.267,0.331,0.234,0.302,-0.037,-0.036,-0.031,82.3,11.8,29.6,5,4,4,24.8,27.2,28,12,25,62.1,28,30.7,48.7,51.3,91,187,54.1,609,65.6,8,0,789,337,72,90,45.9,42.7,35.6,45.1,57,46.4,26.4,20.8,6.4,1234,70,95.2,2676,-0.6,-12.4,17.6,1.2,29.9,81.4,2495,8.9,-50.5,13.1,1.3,,,,,,,,Carl Edwards Jr.,1.2
Rondon,Hector,2017,57.1,0.23,0.407,0.31,0.298,0.171,0.402,0.401,0.342,0.338,0.003,0.016,0.001,85.8,10.6,32.7,13,8.8,3.4,21.1,23.8,36.1,6.8,31.3,69.3,17.8,29.4,46.7,53.3,70,150,51.1,510,74.2,6.6,28,613,357,82.2,60,48.9,44.3,26.6,48.8,64.1,48.3,26.5,21.1,4.1,1048,61,96.4,2124,-10.4,-13.3,19.8,1.4,36.1,85.9,2387,4.8,-34.3,7.1,2,2.7,90.5,1907,-16.4,-25.5,18.2,1.6,Hector Rondon,1.3
Chavez,Jesse,2017,138,0.284,0.507,0.364,0.341,0.219,0.41,0.432,0.352,0.364,-0.008,-0.014,-0.015,88.8,11.9,38.3,37,8.8,7.6,26.9,22.4,30.2,4,40.3,67.9,15.7,25.1,32.2,67.8,103,320,55.2,1276,85.1,5.8,333,1417,556,84.3,110,44.8,42.4,20.8,44.2,62.5,41.7,27.1,27.1,4,2306,61.4,91.3,2291,-8.1,-18.3,17.9,1.4,24.1,81.5,2461,6,-47.6,9.6,4.4,14.4,85.2,1849,-16.2,-32.4,17.6,1.2,Jesse Chavez,1.3
Hughes,Jared,2017,59.2,0.252,0.398,0.322,0.345,0.142,0.338,0.358,0.299,0.326,-0.021,-0.002,-0.014,85.9,0.1,28.9,11,6.6,4.2,22.9,11.4,48.8,6,36.1,66.3,16.5,31.5,43.6,56.4,71,163,56.9,518,77.1,5.3,13,705,192,83.5,43,43.1,40.4,27,46.5,57.4,63.3,10.8,21.7,4.2,910,77.4,93.5,2095,-17.5,-27.2,18.5,1.1,21,86.2,2211,4.2,-33,7.4,1.3,1.4,88.8,2262,-15.8,-28.9,17.2,1.3,Jared Hughes,1.3
Nova,Ivan,2017,187,0.281,0.484,0.344,0.32,0.197,0.377,0.395,0.336,0.341,-0.004,-0.02,-0.014,87.9,8.3,35.7,41,6.7,6.4,26,20.3,34.9,5.7,36.5,67.6,11.1,31.6,34.2,65.8,137,401,49.3,1270,74.4,8,253,1753,570,88.9,98,50.7,42.3,18.1,49.9,64.5,47.6,19.1,28.3,4.9,2576,68,92.8,2193,-16.2,-21.5,20.3,1.4,22.1,80.6,2352,1.6,-48.7,6.5,1.6,9.8,86.4,1965,-16.9,-27.3,19.8,1.3,Ivan Nova,1.3
Hellickson,Jeremy,2017,164,0.277,0.488,0.354,0.334,0.207,0.363,0.384,0.297,0.326,-0.022,0.009,-0.016,86.7,16.6,35.7,35,6.4,7.7,25.6,30.5,23.9,5.9,34.4,69.8,15.2,28.4,25,75,98,392,53,1382,79.3,6.9,789,1488,329,84.8,130,47,43.7,18.2,47.9,59.1,36.4,25.6,28.3,9.7,2606,57,89.4,2143,-10.9,-20.1,19.8,1.9,12.6,76.7,2924,10.3,-61.6,16.4,1.9,30.2,81.3,1830,-10.3,-30.8,16,1.6,Jeremy Hellickson,1.3
Kimbrel,Craig,2017,69,0.166,0.326,0.241,0.225,0.158,0.346,0.444,0.303,0.358,-0.026,-0.083,-0.042,91.4,18.3,31.8,13,11.8,8.2,22.7,29.1,25.5,2.7,45.5,62.1,33.8,34.9,59.2,40.8,116,196,49,562,69.7,7.8,0,787,361,66.2,123,51,45.2,42.7,48.8,63.8,37.3,32.7,21.8,8.2,1202,68.3,98.4,2427,-11.7,-12.8,19.7,1,31.6,87.3,2592,8.9,-45.5,13.2,1.4,,,,,,,,Craig Kimbrel,1.3
Covey,Dylan,2017,70,0.303,0.559,0.401,0.381,0.247,0.438,0.428,0.358,0.355,0.002,0.037,0.007,89.3,8.7,31.3,19,8.2,6.9,24.9,20.6,36.1,3.4,39.9,67,11,22,30.1,69.9,41,136,53.2,617,80.2,7,125,712,322,89,40,46.8,43.4,16.2,43.1,56,48.9,25.3,21.9,3.9,1159,61.4,92.5,2099,-8.4,-18.8,17.1,1.7,27.7,83,2263,2.8,-40.9,6.4,4.2,10.7,84,1281,-9.9,-34,12.1,1.7,Dylan Covey,1.3
Weaver,Luke,2017,60.1,0.236,0.374,0.293,0.292,0.134,0.394,0.381,0.366,0.343,0.018,0.018,0.008,85.7,7.2,33.3,9,5.6,3.1,31.5,16.7,35.8,7.4,34.2,68.9,19,23.3,36.7,63.3,44,120,49.4,516,81.9,6.9,268,654,122,81,69,50.6,46.7,23.5,46.5,59.9,50.6,15.4,29.6,4.3,1044,62.6,93,2230,-8.8,-15.9,18.8,1.9,11.6,79.6,2129,9.1,-47.8,10.2,1.8,25.6,84.3,1547,-10.8,-29.8,15,1.4,Luke Weaver,1.3
Oberg,Scott,2017,58.1,0.263,0.368,0.312,0.335,0.098,0.4,0.355,0.383,0.341,0.034,0.068,0.031,87.6,5,26.6,4,2.2,4.9,27.7,16.3,46.2,2.7,35.9,68.9,18.8,25,47.7,52.3,52,109,44,436,73.9,8.9,89,557,346,81.2,72,56,39.8,25.2,49.6,68.7,57.6,16.3,22.3,3.8,999,56.4,96.3,2234,-5.8,-17.2,14.7,1.4,34.6,88.7,2577,6.2,-32.9,7.9,2.9,8.9,89.8,1931,-11.9,-27.3,14.3,1.5,Scott Oberg,1.3
Miley,Wade,2017,157.1,0.275,0.448,0.359,0.371,0.168,0.403,0.398,0.367,0.354,0.012,0.014,0.004,86.9,6.6,33.9,31,6.3,4.9,29.7,17,36.4,5.7,35.8,64,14.4,26.1,33.8,66.2,163,482,60.6,1849,82.8,4,331,2064,657,85.6,111,39.4,44.1,21.9,41,53.7,51.3,17.4,26.2,5.1,3052,67.6,90.3,2185,6.7,-17.6,19.2,2.3,21.5,80.3,2426,-5.1,-48.4,9.8,3.9,10.8,83,1936,14.5,-26.8,20.2,1.6,Wade Miley,1.4
Robertson,David,2017,68.1,0.172,0.287,0.237,0.254,0.111,0.287,0.334,0.25,0.293,-0.024,-0.03,-0.025,86.6,9.6,29.3,6,4.3,6.4,21.4,25.7,37.1,5,32.1,61,26.4,31.1,60,40,96,160,50,515,74.4,8,13,541,477,73.6,83,50,42.3,37.9,46,59.1,49.3,25.7,20,5,1220,50,91.7,2552,0.4,-16.2,16.6,1.3,48.7,82.8,2687,9.9,-47,13.4,1.8,1.1,87.4,1989,-13.2,-22.7,18.5,1.4,David Robertson,1.4
Bumgarner,Madison,2017,111,0.26,0.445,0.318,0.297,0.181,0.363,0.393,0.312,0.34,-0.022,-0.018,-0.022,87.8,14.3,31.9,26,8,3.7,24.5,29.4,29.4,4.9,34.3,70.1,16,31.3,34.9,65.1,90,258,49.8,825,78.2,8,92,1306,259,84,93,50.2,39.6,21.7,50.7,66.7,41.7,23,25.5,9.8,1657,78.8,89.1,2179,4.1,-20.8,16,2.7,15.6,78,2356,-8.8,-48.5,9.8,1.5,5.5,82.8,1557,13.8,-32.1,16.2,1.3,Madison Bumgarner,1.4
McHugh,Collin,2017,63.1,0.252,0.419,0.324,0.321,0.163,0.38,0.383,0.339,0.337,0.001,0.005,-0.002,87.5,17.5,41.5,10,5.5,7.1,25.1,32.8,24,5.5,33.9,66.8,24.2,27.6,36.2,63.8,54,149,50,540,73.4,8.7,65,641,373,75.8,87,50,41.1,27.8,47.2,62.7,32.8,32.2,27.3,7.7,1181,59.6,89.2,2312,-7.9,-22.1,16.1,3,34,76.3,2703,12,-56.4,15.9,3.7,6.3,87.6,2060,-12.6,-23.4,18.5,2.1,Collin McHugh,1.4
Fiers,Mike,2017,153.1,0.258,0.444,0.342,0.341,0.181,0.411,0.395,0.352,0.342,0.008,0.035,0.012,85.8,12.3,33.2,36,8,5.1,25.6,23.8,30.1,7.3,32.8,63.8,15.9,27.7,34.5,65.5,126,365,50.1,1317,70.2,7.5,476,1500,653,84.1,133,49.9,42.4,21.5,45.7,60.2,43.2,25.2,24.5,7.1,2629,57,89.3,2230,-9.1,-17.9,19.7,1.7,24.8,75.7,2669,8.6,-62.6,18.2,4.2,18.1,82.5,1769,-16.6,-34.9,18.1,1.4,Mike Fiers,1.4
Stroman,Marcus,2017,201,0.268,0.405,0.322,0.328,0.13,0.352,0.368,0.334,0.341,-0.004,-0.013,-0.012,88.5,0.4,24.8,31,5.1,4.3,25.7,13.1,47.2,4.5,38.4,66.4,13.9,24.6,47.3,52.7,192,406,52.6,1650,75.8,7.2,188,2071,877,86.1,137,47.4,42.4,23.6,44.5,58.6,63,12.6,21.4,3,3136,66,93.2,2274,-10.5,-26.7,12.9,1.5,27.9,85.8,2735,11.2,-40,12.1,2.3,5.9,82.7,1680,-15.3,-34.4,17.3,2.1,Marcus Stroman,1.4
Junis,Jakob,2017,98.1,0.277,0.49,0.355,0.335,0.207,0.37,0.411,0.331,0.348,-0.013,-0.05,-0.03,88.9,14.5,36.4,20,6.5,9.4,23.7,26,30.2,4.2,38,62.9,14.5,23.3,46.6,53.4,75,161,45.4,691,75.8,8.4,105,843,573,85.5,76,54.6,42.2,22,45,61.8,42.2,25.3,24.4,8.1,1521,55.4,91.2,1981,-11.8,-21.2,17.6,1.5,37.6,80.7,2273,11.2,-45.3,12.3,2.6,6.9,81.9,1245,-7.4,-37.2,9.6,1.8,Jakob Junis,1.4
Fulmer,Michael,2017,164.2,0.266,0.414,0.317,0.316,0.143,0.304,0.354,0.294,0.323,-0.023,-0.064,-0.038,85.6,8.8,32.9,25,4.9,5.1,23.3,22.6,38.3,5.8,29.4,69,15.6,29.2,36,64,128,356,49.4,1220,75.7,6.8,467,1474,530,84.4,135,50.6,43.3,21.5,49.3,61.4,50.8,18.3,24.3,6.6,2471,59.6,95.8,2065,-10.6,-15.5,18.6,1.3,21.4,88.9,2377,2.8,-28.1,8.7,2.4,18.8,87.8,1749,-12.7,-30.6,14.1,1.5,Michael Fulmer,1.4
Cobb,Alex,2017,179.1,0.274,0.44,0.332,0.324,0.162,0.34,0.377,0.311,0.337,-0.02,-0.035,-0.028,87.8,8.9,31.6,34,6,5.9,25.5,21.1,35.6,5.9,35.1,60.9,10.9,28,29.1,70.9,119,409,51.3,1461,68.6,6.6,406,1470,969,89.1,92,48.7,44.5,17,44,58.8,49.3,19.1,25.5,6,2845,51.6,91.7,2101,-14.9,-18.5,21.6,1,34,80.5,2536,4.8,-60.2,16.4,1.5,14.2,85.6,1599,-15,-27.5,19.8,1.1,Alex Cobb,1.5
Gray,Sonny,2017,162.1,0.245,0.411,0.315,0.312,0.159,0.334,0.371,0.3,0.326,-0.019,-0.037,-0.025,86.7,4.8,29.5,29,6.2,4.7,26.2,17.2,38.3,7.3,38.1,67.5,16.5,27.6,50.6,49.4,198,391,53.3,1419,74,6.8,250,1616,797,83.5,139,46.7,41.1,27.4,46.2,61.7,54,17,24.7,4.3,2820,61.2,92.7,2276,-7.8,-19.9,15.5,1.7,29.7,83.3,2859,10.1,-47.9,13.3,2.7,9,89.5,1828,-11.8,-26.2,14.7,1.3,Sonny Gray,1.5
Montgomery,Mike,2017,130.2,0.246,0.362,0.312,0.334,0.111,0.29,0.334,0.277,0.311,-0.027,-0.041,-0.032,85.1,3,30.5,12,3.2,4.5,24.4,17.5,41.9,8.5,28.1,62.9,12.7,24.6,39.8,60.2,105,264,51.8,1074,76.3,6.5,248,1332,495,87.3,80,48.2,42,20.7,43.1,59.8,58.9,15.1,23.1,2.9,2196,63.8,91.6,1861,10.8,-21.8,15.8,2.2,23.7,77.2,2337,-8.9,-55.1,12.9,1.5,12.3,83.4,1762,16.3,-32.4,18.2,1.6,Mike Montgomery,1.5
Lugo,Seth,2017,101.1,0.276,0.447,0.335,0.323,0.165,0.383,0.395,0.354,0.351,0.008,-0.002,-0.008,86.5,11.8,34.9,19,5.9,5.9,27.5,24.1,31.2,5.6,35.5,65.8,16.1,26.7,33,67,70,212,48.5,793,74.8,8.5,276,828,530,83.9,89,51.5,41.7,20.7,46.7,59.2,42.6,24.7,26.9,5.9,1634,50.6,91.4,2245,-13.4,-18.6,20.5,1.8,32.4,80.7,2720,6.9,-47.1,13.7,5.6,16.8,85.9,1875,-14.7,-26.3,19,2.5,Seth Lugo,1.5
Guerra,Junior,2017,70.1,0.265,0.472,0.371,0.376,0.204,0.386,0.419,0.307,0.355,-0.035,0,-0.021,87.3,18.3,35,20,10,4,26,30.5,25.5,4,35.5,66.9,19.3,26.1,41.4,58.6,77,186,57.5,712,78.6,5.7,306,798,134,80.7,68,42.5,37.3,27,43.5,54.5,36,26,27,11,1238,64.4,91.9,2114,-6.6,-14.7,19.6,1.5,10.8,80.2,2319,7.1,-45,9.3,2.3,24.7,84,1388,0.3,-31.9,9.5,1.6,Junior Guerra,1.6
LeBlanc,Wade,2017,68,0.292,0.47,0.348,0.336,0.174,0.35,0.409,0.305,0.366,-0.049,-0.044,-0.044,85.7,10.8,33.2,13,6.2,5.7,30.3,19,31.8,7.1,31.8,66.4,17,25.3,36.8,63.2,50,136,50.3,537,80.6,6.7,291,650,126,83,60,49.7,45.5,22.5,45.8,59.7,47.4,21.8,24.6,6.2,1067,60.9,86.2,1933,5.2,-23.5,15.9,1.7,11.8,77.1,2070,-8.1,-45.6,10.5,3.8,27.2,78.4,1416,11.3,-37,13.7,1.5,Wade LeBlanc,1.6
Harvey,Matt,2017,92.2,0.288,0.501,0.378,0.376,0.207,0.408,0.409,0.357,0.351,0.007,0.008,0,86.1,9.1,34.4,21,6.8,5.8,24.1,23.8,30.9,8.7,34.4,67.6,14.9,25.1,28.7,71.3,62,216,51.4,862,78.6,7.8,210,973,493,85.1,82,48.6,42.6,18.7,45.8,58,45.7,24.4,24.1,5.8,1675,58,94,2170,-13.2,-15.7,21.2,1.5,29.4,86.7,2264,-0.4,-31.6,8.4,4.1,12.4,86.3,1804,-17.3,-28,20,2.1,Matt Harvey,1.6
Hill,Rich,2017,135.2,0.198,0.351,0.283,0.284,0.15,0.35,0.355,0.306,0.301,0.005,0.001,-0.003,84.3,16.2,31.4,23,7,4.3,21.6,32.6,26.2,8.2,29.1,60.7,22.8,26.3,43.9,56.1,118,269,46,1022,68.5,9.1,4,1291,928,77.2,166,54,41.7,28.4,44.9,62.1,39.3,29.6,21.3,9.8,2498,58.6,88.9,2470,12.1,-14.6,24.1,1.7,41.2,74.1,2805,-16,-60.7,18.9,1.6,0.1,83.3,1585,16.7,-30.2,20.5,1.5,Rich Hill,1.7
Betances,Dellin,2017,59.2,0.13,0.222,0.266,0.314,0.089,0.294,0.292,0.276,0.253,0.011,-0.007,0.001,84.1,9.8,26.4,5,4.7,3.8,18.9,30.2,36.8,5.7,24.5,48.3,28.7,21.9,56.7,43.3,72,127,52.7,579,56,6.8,0,507,592,71.3,72,47.3,42.2,38.2,34.5,51.7,49.1,19.8,19.8,11.3,1182,45.9,98.2,2425,-5.4,-10.6,18.8,1.4,54,84.7,2790,10.7,-44,12.9,2.1,,,,,,,,Dellin Betances,1.7
Quintana,Jose,2017,188.2,0.249,0.41,0.317,0.317,0.156,0.372,0.396,0.333,0.35,-0.011,-0.014,-0.016,87,11.3,36.3,30,5.9,8,25.2,21.3,34.2,5.5,35.5,62.7,14.9,24.9,36.9,63.1,147,398,50.3,1596,76.1,7,286,1993,892,85.1,147,49.7,42.7,21.3,43.7,67.1,46.1,21.1,26.8,6.1,3418,63.1,92.1,2027,7.3,-14.8,19.3,1.1,27.6,77,2185,-10.5,-49.8,12,1.6,9.2,86.2,1328,10.4,-26,15.6,1.1,Jose Quintana,1.7
Jeffress,Jeremy,2017,65.1,0.256,0.409,0.332,0.349,0.145,0.388,0.358,0.353,0.322,0.028,0.05,0.022,83.5,2.7,29.3,11,5.3,3.8,21.6,15.4,43.8,10.1,25.9,63.7,13.8,29.4,44,56,77,175,52.7,595,62.5,6.4,166,749,213,86.2,47,47.3,45.6,23.8,45.6,53.2,59.6,13.5,22.6,4.3,1128,66.4,94.5,2073,-15.1,-19.9,19.4,1.4,18.8,80.2,2367,8.8,-50.2,11.7,1.5,14.7,89.4,1363,-9.7,-30.3,11.3,1.4,Jeremy Jeffress,1.7
Urena,Jose,2017,169.2,0.266,0.468,0.35,0.345,0.198,0.33,0.377,0.288,0.321,-0.028,-0.053,-0.034,85.4,11.9,34.5,46,8.6,4.5,23.5,26.3,28.9,8.3,30.8,69,14,26.7,32.1,67.9,139,433,56.3,1619,79.2,5.8,618,1574,684,86,121,43.7,41.1,20,45.2,58.8,44.3,24.8,24.4,6.6,2876,54.7,95.6,2164,-14.6,-17.4,20,1.5,23.7,85,2305,1.7,-29.5,10,2,21.4,88.6,1807,-14.3,-22.9,19.2,1.9,Jose Urena,1.7
Green,Chad,2017,69,0.184,0.324,0.251,0.245,0.138,0.293,0.386,0.264,0.329,-0.037,-0.082,-0.048,89.3,19.7,38.2,9,6.9,3.8,29.8,35.9,19.1,4.6,43.8,65.1,31.3,25.8,47.9,52.1,70,146,49.8,565,78,8,9,889,237,68.7,116,50.2,42.3,36.2,45.6,66,27.5,29,34.4,9.2,1296,77.8,95.2,2464,-5.1,-12.6,18.8,2.5,21.4,85.8,2172,1.7,-38.3,4.3,1.6,0.6,85.2,1629,-11.5,-24.8,18,1.6,Chad Green,1.7
Watson,Tony,2017,66.2,0.25,0.364,0.294,0.315,0.106,0.37,0.334,0.346,0.313,0.028,0.061,0.027,82.5,7.2,32.4,6,2.8,2.3,23,23.9,38.5,9.4,22.2,71.7,19.3,37.9,36.3,63.7,69,190,50.2,501,69.6,6.9,192,653,154,80.7,69,49.8,42.4,25.9,54.8,66.3,50.7,16.4,24.9,8,1083,65.8,93.5,2257,15.5,-22.2,18.8,1.3,15.6,85,2317,-4.2,-35,7.2,1.4,18.5,86.3,2297,17.9,-27.1,21,1.7,Tony Watson,1.8
Yates,Kirby,2017,56.2,0.187,0.385,0.278,0.26,0.195,0.445,0.413,0.361,0.32,0.024,0.031,0.017,86.8,21.3,37.7,14,11.5,4.9,19.7,38.5,18,7.4,36.1,70.9,29.4,31.5,52.7,47.3,79,150,49.5,476,79.5,7.6,105,599,257,70.6,101,50.5,43.4,36.5,51.4,62.8,29.5,39.3,21.3,9.8,961,62.3,93.8,2329,-16,-16.7,22.7,1,26.7,86,2228,-3.1,-34,7.2,1.2,10.9,86.8,1274,-15.9,-34.7,16.8,1.2,Kirby Yates,1.8
Pressly,Ryan,2017,61.1,0.24,0.407,0.308,0.307,0.162,0.358,0.38,0.311,0.327,-0.011,-0.006,-0.015,87.5,7.4,30.8,11,6.5,4.1,27.2,22.5,32.5,7.1,36.7,65.8,16.3,29.6,55.8,44.2,67,120,45.5,405,73.7,8.5,0,492,398,83.7,52,54.5,43,27.1,49.3,57.9,51.5,25.4,20.1,3,890,55.2,95.8,2483,-4.7,-9.8,21.7,1.4,44.7,85.8,2933,10.4,-38.6,13.6,3.9,,,,,,,,Ryan Pressly,1.8
Chapman,Aroldis,2017,50.1,0.185,0.295,0.253,0.274,0.105,0.333,0.322,0.316,0.293,0.015,0.002,0.006,84.4,11.3,30.8,6,5.1,6,16.2,24.8,42.7,5.1,23.9,65.9,24.4,33.4,40.9,59.1,56,137,47.1,410,70.6,7.8,30,669,171,75.6,74,52.9,46.7,30,50.8,61.9,47.9,21.4,21.4,9.4,1004,76.8,100,2491,5.5,-7.8,20.4,1.7,19.7,87.6,2421,-10,-26.3,14.6,1.8,3.3,88.8,1991,12.8,-20.3,18.9,1.4,Aroldis Chapman,1.8
Givens,Mychal,2017,78.2,0.222,0.382,0.296,0.296,0.155,0.328,0.37,0.289,0.321,-0.022,-0.042,-0.026,86.7,13.8,33.5,13,6.6,5.6,21.8,27.4,32.5,6.1,32.3,70.6,25.3,23.8,34,66,52,153,48.7,644,82.9,9.3,120,955,246,74.7,121,51.3,38.6,27.2,47.9,57.5,43.1,20.8,25.9,10.2,1321,72.2,95.4,2365,-9.3,-17.7,16.4,1.8,18.6,87.2,2442,4.8,-33,7.5,2.3,9,85.6,2046,-12.6,-40,13.5,1.7,Mychal Givens,1.8
Manaea,Sean,2017,158.2,0.267,0.438,0.338,0.335,0.165,0.375,0.388,0.344,0.343,0.001,-0.011,-0.009,88.9,12.4,32.3,28,5.8,5.1,28.2,24.9,32.5,3.5,40.9,66.7,15.6,28.7,47.9,52.1,186,388,50.3,1351,72.7,7.6,654,1564,467,84.4,139,49.7,44.4,25.4,47.6,60.3,44.2,24.5,24.9,6.4,2685,58.2,91.7,1977,14.1,-21.8,18,1.4,17.3,79.9,1992,-2.1,-42.7,4,1.6,24.3,83.5,1206,8.7,-38.9,9.4,1.5,Sean Manaea,1.8
Arrieta,Jake,2017,168.1,0.24,0.401,0.309,0.309,0.157,0.36,0.364,0.314,0.32,-0.005,0.01,-0.003,87.3,10.5,31.3,27,5.6,5.4,24.6,24.8,34.9,4.6,33.1,61.7,15.5,25.2,35.3,64.7,119,337,49,1338,70.7,7.3,226,1731,771,84.5,133,51,42.8,21.3,43.7,58,45.5,24.2,25.5,4.8,2929,63.2,92.2,2257,-14.2,-20.4,19.1,1.2,28.5,83.4,2575,9.8,-43.1,13.4,5.3,8.1,87.4,1794,-14.5,-31,16.2,1.4,Jake Arrieta,1.9
Soria,Joakim,2017,56,0.224,0.329,0.279,0.296,0.1,0.321,0.347,0.333,0.324,0.009,-0.039,-0.016,86.5,5.1,29.9,6,4.1,5.4,26.5,15.6,44.2,4.1,27.2,67.8,24.6,23,46.5,53.5,53,114,49.9,495,71.4,7.8,302,505,185,75.4,83,50.1,43.1,30.3,45.5,57.8,58.5,16.3,22.4,2.7,992,50.9,92.8,2245,-7.7,-15.4,18.4,1.4,18.6,74.4,2643,8.8,-62.5,16.1,5.3,30.4,88,1413,-12.3,-30.6,13.6,1.4,Joakim Soria,1.9
Ottavino,Adam,2017,53.1,0.22,0.372,0.327,0.357,0.149,0.395,0.367,0.35,0.32,0.024,0.039,0.016,85.4,12.7,32.8,9,6.6,5.1,27,29.2,24.1,8,32.1,50.2,16.3,20.7,56.8,43.2,63,111,51.2,537,54.5,6.3,0,564,485,83.7,42,48.8,39.9,28.5,35,46.9,40.1,28.5,24.1,7.3,1049,53.7,93.9,2233,-8.2,-19.5,15.6,2.5,46.2,81.5,2866,16.8,-42.5,17.2,1.6,,,,,,,,Adam Ottavino,1.9
Anderson,Tyler,2017,86,0.241,0.424,0.316,0.302,0.177,0.419,0.377,0.355,0.322,0.028,0.071,0.03,84.5,9.4,33.6,19,7.5,4.7,20.6,26.1,30.4,10.7,30.2,69.5,19,27.5,41.8,58.2,74,177,46.3,644,83.5,7,428,962,2,81,99,53.7,44.8,24.8,50,65.2,45.5,22.5,24.5,7.5,1404,69.1,90.5,2296,6.1,-17,18.8,2.9,0.1,76.1,2316,-2.2,-55.5,7.2,1.5,30.6,82.7,1817,11.8,-27,18.2,1.8,Tyler Anderson,1.9
Ryu,Hyun-Jin,2017,126.2,0.262,0.444,0.334,0.33,0.177,0.396,0.394,0.344,0.344,0.001,0.018,0.002,86.7,9.1,36.4,26,6.9,5.3,26.1,21,34,6.6,31.6,63.5,18.3,28.5,39.8,60.2,133,334,55.5,1172,73.8,5.1,536,1159,416,81.7,109,44.5,44.2,26.1,44.1,60.3,47.6,21,26.3,5.1,2111,54.9,89.1,2055,7.2,-20.2,16.6,2.7,19.7,73,2375,-9.5,-61.5,13.7,3.3,25.3,80.9,1539,14.4,-29.8,19,2,Hyun-Jin Ryu,1.9
Rogers,Taylor,2017,55.2,0.278,0.453,0.345,0.352,0.171,0.34,0.407,0.321,0.362,-0.032,-0.083,-0.048,86.9,8.6,36.6,11,6.7,3.7,28,23.2,32.9,5.5,35.4,61.6,15.6,24.9,35.2,64.8,37,105,48.4,421,78.5,7.5,33,539,296,84.4,43,51.6,40.7,21,43.8,57.8,46.3,17.7,30.5,5.5,872,61.9,93.3,2061,15.5,-19.4,20.4,1.2,34.2,78.8,2823,-15.3,-44.3,15.9,1.3,3.7,88.3,1811,16.4,-29,18,1.3,Taylor Rogers,1.9
Newcomb,Sean,2017,100,0.25,0.404,0.333,0.355,0.15,0.391,0.388,0.357,0.346,0.01,0.014,0.002,87.2,8.9,34.7,15,5.3,6.7,26.7,22.1,33.3,6,33.7,68.6,20.3,28.5,40.8,59.2,118,289,55.3,1013,76,6.8,198,1157,476,79.7,114,44.7,40.1,27.3,46.4,58.6,46,21.1,28.1,4.9,1831,63.1,93.8,2198,7.8,-14,20.1,1.7,25.9,78.7,2770,-11.2,-58,17.1,2,10.8,86,1640,13.2,-26.9,17.5,1.7,Sean Newcomb,1.9
Lester,Jon,2017,180.2,0.251,0.405,0.317,0.316,0.149,0.388,0.384,0.348,0.341,0.008,0.025,0.003,85.4,9.3,34.3,28,5.4,5.6,26,21.4,35.5,6.2,29.3,66.6,16.8,28.5,40.4,59.6,204,505,56.7,1771,79.5,5.5,266,2448,410,83.2,151,43.3,44.5,25.3,45,58.1,47.8,20.4,27,4.8,3368,78.2,90,2220,5.1,-20.5,15.9,2.4,13.1,75.7,2511,-10.5,-52.9,11.4,2.1,8.5,84.7,1740,13.2,-30.8,15.4,1.3,Jon Lester,2
Cahill,Trevor,2017,84,0.252,0.41,0.333,0.347,0.152,0.43,0.382,0.373,0.342,0.023,0.073,0.031,85.9,3.2,29.7,16,6.5,4.9,20.3,15.4,45.5,7.3,29,59.2,15.6,27.8,48.1,51.9,112,233,55.2,839,64.4,6.6,323,865,333,84.4,63,44.8,40.8,27.4,41.9,59.8,56.9,18.3,21.1,3.7,1521,56.8,89.9,2171,-13.4,-27.8,16.2,3,21.8,79.4,2927,8.8,-56.1,15.1,1.6,21.2,83.8,1467,-14.3,-37.5,14.9,1.6,Trevor Cahill,2
Stripling,Ross,2017,74.1,0.234,0.374,0.282,0.28,0.133,0.364,0.353,0.33,0.314,0.012,0.026,0.008,85.6,9.2,30.8,11,5.2,2.8,23.2,24.2,37.4,7.1,28.1,66.6,18.2,29.4,40.7,59.3,74,182,52.8,619,72.1,7.3,73,450,649,81.8,67,47.2,44.8,25.6,47,64.8,50.7,17.5,25.6,6.2,1217,38.6,92.9,2238,-2.1,-12.2,20.6,1.3,55.3,85.7,2464,5.2,-38,11.6,4.7,5.9,84.9,1702,-8.6,-24.8,17,1.4,Ross Stripling,2.1
Vazquez,Felipe,2017,75.1,0.206,0.306,0.258,0.269,0.095,0.254,0.322,0.25,0.302,-0.035,-0.07,-0.043,84.4,7.2,25.5,7,3.7,2.7,22.3,21.8,41.5,8,27,67.9,26.2,30.1,48.4,51.6,74,153,44.5,509,74.2,8.5,233,698,214,73.8,113,55.5,43.6,32,51.1,58,53.2,20.7,20.7,5.3,1145,60.9,98.4,2465,6.5,-13.3,17.2,1.8,18.6,83.8,2751,-15.2,-39.6,16.6,2.7,20.3,88.4,1959,12,-32.4,12.9,1.6,Felipe Vazquez,2.1
Boyd,Matthew,2017,135,0.273,0.455,0.345,0.34,0.178,0.397,0.39,0.36,0.34,0.018,0.017,0.005,85.7,14.8,34.6,26,5.9,6.4,25.5,29.2,26,7.1,29.8,68.8,18.2,27.2,34.8,65.2,109,313,49.2,1150,79.8,7.6,487,1158,694,81.8,149,50.8,46.2,22.8,48.3,59.5,39.6,21.4,27.3,11.6,2339,49.5,92,2259,12.8,-18.1,19.8,1.7,29.6,79.1,2246,-5.9,-41,11.9,6.4,20.8,80.9,1850,13.7,-30.4,18.5,1.4,Matthew Boyd,2.1
Martinez,Carlos,2017,205,0.223,0.36,0.288,0.295,0.131,0.362,0.345,0.321,0.309,0.009,0.031,0.011,86.4,7.2,30.8,28,5,4.8,24.6,20.9,37.6,7.1,32.9,64.4,17.7,26.5,43.3,56.7,170,393,47.5,1483,76.9,7.8,529,1732,860,82.2,187,52.5,43.5,24.7,46.3,59.1,52.4,18,23.9,5.7,3121,55.4,95.6,2049,-14,-21.3,18.1,2.3,27.5,85,2184,8.9,-36.1,10.7,2.3,16.9,87.8,1988,-17.1,-35.1,17.6,1.9,Carlos Martinez,2.1
Rodriguez,Eduardo,2017,137.1,0.234,0.421,0.318,0.307,0.182,0.386,0.391,0.335,0.328,0.007,0.003,-0.003,86,16.4,35.5,29,7.7,5.8,22.3,30.5,27.6,6.1,30.8,68.9,21.2,27.9,37.9,62.1,139,367,53.5,1316,76.1,5.8,442,1823,195,78.8,167,46.5,43.8,26.5,46.9,61.2,35.8,30.8,24.9,8.5,2464,74,92.5,2188,8.1,-17.7,17.6,2.5,7.9,82.9,2178,-3,-36,6.6,2.1,17.9,86.2,1970,17,-28.8,19.3,1.6,Eduardo Rodriguez,2.1
Castillo,Luis,2017,89.1,0.199,0.316,0.266,0.278,0.111,0.334,0.317,0.288,0.286,0.003,0.044,0.01,84.9,5.4,24.3,8,3.5,6.2,19.5,20.8,42.9,7.1,30.1,69.1,22.3,25.6,45,55,85,189,49.7,737,77,8.5,333,924,226,77.7,115,50.3,39.4,28.4,47.5,57.1,59.7,19,15.9,5.3,1483,62.3,97.3,2233,-12.8,-14.4,20.7,1.3,15.2,84.9,2226,-0.6,-36.4,4.6,1.4,22.4,87.2,1861,-15.4,-31.4,16.9,1.1,Luis Castillo,2.1
Sabathia,CC,2017,148.2,0.266,0.405,0.324,0.331,0.135,0.346,0.367,0.312,0.337,-0.02,-0.002,-0.015,84,6.2,32.4,18,4,4.7,25.7,19.4,35.9,10.3,28.9,66.5,17.2,27.8,29.6,70.4,102,345,53.1,1242,75.4,5.7,364,1247,726,82.8,125,46.9,44.5,21.1,45.9,61.5,51.1,15.4,27,6.5,2647,53.1,90.3,2099,5.8,-20.4,15.6,1.8,32.2,79.7,2238,-13.8,-40.8,14.7,1.6,14.6,83.8,1847,9.9,-28,14.6,1.5,CC Sabathia,2.2
Hamels,Cole,2017,148,0.253,0.429,0.332,0.33,0.172,0.316,0.358,0.281,0.311,-0.025,-0.044,-0.031,87.6,10.3,32.1,24,5.4,5.8,25.2,23.8,35.3,4.5,36,67.7,15.2,26.9,36.5,63.5,118,323,52,1201,76.6,7.4,479,1533,299,84.8,114,48,43.4,21.6,46.5,56.4,48.1,22.5,24.3,5.2,2311,66.3,91.1,2023,8.6,-20.5,16.2,2,12.9,79.1,2139,-5.3,-52.5,9.9,1.6,20.7,83.1,1605,13.2,-30.3,16.7,1.3,Cole Hamels,2.2
Gonzalez,Gio,2017,201,0.23,0.368,0.299,0.31,0.134,0.316,0.342,0.289,0.308,-0.014,-0.023,-0.018,84.9,10.7,29.5,27,4.9,4.5,23.5,26.2,33.5,7.4,27.9,63.4,17.2,23.6,34.1,65.9,146,428,54.1,1816,69.6,4.8,627,1900,830,82.8,168,45.9,43.7,22.3,41.8,55.3,47.7,20.8,22.6,8.9,3507,56,89.7,2209,12.3,-19.1,20.2,1.4,25,74.8,2707,-13.1,-63.4,18.3,1.7,18.8,83,1675,13.2,-29.8,17.1,1.3,Gio Gonzalez,2.2
Stammen,Craig,2017,80.1,0.246,0.418,0.317,0.315,0.166,0.343,0.376,0.305,0.328,-0.017,-0.034,-0.023,85.9,5.9,32,13,5.8,4.4,24,21.3,37.3,7.1,29.5,63.3,16,30.2,46.6,53.4,96,206,53.6,683,70.3,7.1,23,808,444,84,60,46.4,41.2,26.7,45.8,65.3,52,23.6,21.8,2.7,1275,63.3,91.3,2105,-16.9,-21.9,20.8,1,34.8,84.1,2257,1.4,-38.8,8.4,3.3,1.8,85.7,1727,-20.1,-28.6,22.1,1.4,Craig Stammen,2.2
Leake,Mike,2017,186,0.279,0.445,0.329,0.32,0.159,0.358,0.374,0.335,0.337,-0.001,-0.021,-0.012,87.3,5.7,32.2,32,5.3,5.9,25.9,16.3,40.9,5.6,36.2,67.6,10.7,27.8,36.7,63.3,139,379,50.1,1363,77.7,6.9,325,1837,561,89.3,98,49.9,44.3,18.5,48,63.3,54.6,17,25.1,3.3,2723,67.4,89.8,2075,-11.4,-28.8,14.7,1.5,20.6,80.2,2510,9.1,-48.5,10.6,2,11.9,84.5,1770,-15.8,-37.5,16.4,1.8,Mike Leake,2.2
Holland,Derek,2017,135,0.293,0.521,0.393,0.388,0.223,0.423,0.43,0.357,0.364,-0.003,0.014,-0.005,88.2,13.8,37.9,36,8.2,6.8,25.1,25.8,27.9,6.2,39.5,62,12.2,23.2,34,65.7,105,309,54.1,1331,74.4,6.8,255,1354,849,87.8,85,45.9,42.5,18.8,41,63.7,38.6,27.6,27.4,6.4,2458,55,91.1,2192,11.7,-19.9,18.5,1.4,34.5,79.1,2032,-3.4,-41.8,6.9,2.2,10.3,83.1,1978,9.9,-26,18.2,1.7,Derek Holland,2.2
Roark,Tanner,2017,181.1,0.259,0.411,0.321,0.326,0.145,0.363,0.375,0.331,0.339,-0.005,-0.003,-0.008,86.2,9.2,34.8,29,5.4,3.9,27.6,21.9,35.7,5.6,32.8,66.3,17.8,27.4,36.2,63.8,168,464,52.8,1696,71.6,6.6,391,1811,1011,82.2,179,47.2,43.7,23.6,45.7,58.8,48.9,20.4,26.7,4.1,3213,56.3,92.3,2058,-10.1,-16,20.1,1.5,31.4,81.1,2511,8.5,-44.7,13.9,5.9,12.1,83.7,1757,-12.5,-28.1,17.5,1.4,Tanner Roark,2.2
Musgrove,Joe,2017,109.1,0.265,0.444,0.328,0.317,0.174,0.406,0.392,0.359,0.345,0.012,0.028,0.01,85.9,9,36.6,20,6,5.7,23.6,23.3,34.7,6.6,32.4,68,18.6,31.8,41.9,58.1,113,270,48.3,849,79.3,9.3,170,939,650,81.4,115,51.7,43.7,25.6,50.6,63.9,46.5,21.5,26.9,5.1,1849,54.4,92.8,2343,-6.5,-20.3,14.7,2.2,36.3,82.8,2505,9.3,-45.2,11.6,1.9,9.1,84.3,2003,-13,-33.8,14.6,1.9,Joe Musgrove,2.2
Eflin,Zach,2017,64.1,0.292,0.525,0.366,0.333,0.229,0.407,0.398,0.35,0.335,0.017,0.026,0.007,86.9,10.9,30.3,19,8.3,4.8,22.4,25.9,32.9,5.7,35.7,68.6,9.9,29,28.3,71.7,41,145,49.2,500,77.6,7.5,76,693,247,90.1,35,50.8,43.5,15.2,49.1,63.9,45.6,26.3,20.6,7.5,1016,68.2,92.6,2155,-13,-17.9,19.8,2,24.3,81.7,2268,7.2,-40.4,11.4,4.6,7.4,86.1,1899,-13.1,-24.9,18.2,1.5,Zach Eflin,2.2
Lopez,Reynaldo,2017,47.2,0.272,0.452,0.335,0.323,0.175,0.339,0.364,0.302,0.321,-0.014,-0.02,-0.02,87.2,21.2,36.4,8,4.9,6.8,24.7,38.3,21.6,3.7,27.3,70.9,17.3,27.6,22.3,77.7,23,103,48.8,373,77.1,6.3,199,453,113,82.7,48,51.2,45,18.5,49.9,60.9,29.6,24.7,31.5,14.2,765,59.2,94.7,2113,-13,-15.7,20.1,2.1,14.7,79.1,2193,0.8,-45.5,4.8,3.5,26,83.8,1516,-14.9,-28.4,18.6,2.7,Reynaldo Lopez,2.3
Price,David,2017,74.2,0.239,0.41,0.312,0.306,0.166,0.332,0.372,0.305,0.324,-0.013,-0.051,-0.027,86.3,12.9,33.8,14,6.6,4.7,23.5,27.2,31.9,6.1,31.6,69.5,18,32.1,41.7,58.3,88,211,52.6,657,76,7.7,181,992,77,82,74,47.4,41.5,26,49.8,67.5,40.4,27.7,25.4,6.6,1345,79.4,92.8,2159,8.5,-20,16.4,3.1,5.9,79.7,2328,-7.4,-49.2,9.6,1.7,14.6,86,1735,14,-28.5,17.5,2,David Price,2.4
Chacin,Jhoulys,2017,180.1,0.24,0.384,0.311,0.324,0.139,0.329,0.342,0.302,0.308,-0.005,-0.011,-0.009,85.4,9,29.1,30,5.7,2.3,24.5,24.5,37.5,5.5,28.2,61.4,13.2,22.7,40.1,59.9,133,332,50.2,1462,74.1,7.7,176,1590,1144,86.8,117,49.8,42.9,20.5,41.9,58.7,50.4,20.7,22.1,6.8,2910,54.6,91.2,2146,-16.9,-22.7,21.4,1.5,39.3,79.6,2482,12.7,-42.2,14,2.3,6,83.3,1503,-14.2,-32.4,17.6,1.8,Jhoulys Chacin,2.4
Porcello,Rick,2017,203.1,0.274,0.484,0.345,0.318,0.205,0.416,0.413,0.364,0.35,0.012,0.014,0.003,87.9,14,36.5,52,8,6.2,25.4,26.6,29.1,4.8,35.2,67.6,17.7,29.3,29.9,70.1,141,472,47.7,1609,73.4,8.1,281,1994,1093,82.3,211,52.3,43.4,21.2,49.4,67.2,40,26,26.8,7.2,3450,59.2,91.1,2389,-12.4,-18.9,19.7,2.2,32.2,80.4,2669,8,-46.8,12.2,6.4,8.5,80.4,1615,-14.7,-33.9,17.5,1.6,Rick Porcello,2.4
Strasburg,Stephen,2017,175.1,0.214,0.345,0.273,0.276,0.127,0.32,0.352,0.298,0.315,-0.009,-0.028,-0.021,86.8,10.3,29.6,27,6.1,5,21.9,25.1,37.1,4.8,32.1,65.2,19.9,30.7,47.5,52.5,183,385,47.1,1256,71.1,9.5,468,1463,738,80.1,183,52.9,44.5,27.9,49.3,63.5,47.7,20.8,24.7,6.8,2856,54.8,95.3,2161,-10.9,-12.9,20.4,1.8,27.2,83.8,2710,11.1,-43.2,14.4,3.4,17.8,88.6,1740,-15.3,-27.1,17.3,1.4,Stephen Strasburg,2.4
Tanaka,Masahiro,2017,178.1,0.254,0.454,0.327,0.301,0.194,0.416,0.417,0.354,0.35,0.003,0.013,-0.001,87.7,8.4,34.6,44,8.6,6.3,23.2,19.3,37.3,5.3,36,70.6,19.9,33.6,52.3,47.7,262,501,53.2,1493,73.6,5.8,697,1050,1060,80.1,185,46.8,43.6,31.3,50.9,64.8,50.1,21.2,23.4,5.3,3091,36.9,91.6,2160,-11.9,-20.9,18.4,1.9,38,83.4,2388,4.4,-39.3,7.7,3.6,25,87.7,1494,-12.9,-33.2,13.9,1.7,Masahiro Tanaka,2.4
Skaggs,Tyler,2017,85,0.272,0.454,0.345,0.34,0.179,0.392,0.401,0.353,0.353,0.002,-0.004,-0.006,87.2,15,31.4,20,7.8,4.7,23.9,26.7,31.8,5.1,38.4,58.7,13.2,27.1,34.9,65.1,66,189,50.1,697,67.3,7.3,130,830,432,86.8,54,49.9,45.6,20.1,42.9,62.2,42.4,21.2,25.5,11,1392,59.6,92,2212,4,-14.7,18.7,1.5,31,75.6,2765,-12.9,-65,20.3,2.2,9.3,85.3,1769,3.1,-27.3,11.5,1.5,Tyler Skaggs,2.4
Gausman,Kevin,2017,186.2,0.273,0.459,0.349,0.341,0.18,0.41,0.413,0.371,0.361,0.01,0,-0.002,87.3,11.5,37.8,46,8.2,4.3,27.5,22.6,32.4,5,33.6,66.9,18.6,28,41.5,58.5,205,494,52.8,1767,77.8,6.2,715,2178,454,81.4,197,47.2,42.4,25.9,46.3,60.2,44,20.7,29.1,6.2,3347,65,94.8,2243,-14.1,-14.2,22.2,2.1,13.5,82.6,2291,1.5,-38.9,5.1,2.7,21.3,84.9,1605,-15.5,-31.8,17.5,1.8,Kevin Gausman,2.4
Wood,Alex,2017,152.1,0.247,0.376,0.295,0.301,0.124,0.324,0.366,0.296,0.337,-0.03,-0.03,-0.029,84.9,6.8,30.8,21,5,4.3,23.4,17.7,42.2,7.4,27.4,63.4,15.6,34.1,43.7,56.3,178,407,52.8,1192,74.1,6.2,574,1138,544,84.4,105,47.2,45.6,26.3,48,67.1,54.2,16.7,23.9,5.3,2435,50.5,91.8,2026,13.8,-16.4,21.6,1.5,23.6,83.5,2083,-4.8,-40.5,6.9,1.3,25.7,85,1725,16.7,-31,18.7,1.4,Alex Wood,2.4
Maeda,Kenta,2017,134.1,0.231,0.385,0.291,0.285,0.15,0.377,0.359,0.325,0.318,0.007,0.038,0.012,85,13.7,35.2,19,5,5.6,25.4,28,29.6,6.3,27.8,67.5,19.1,28.5,45.9,54.1,147,320,51.6,1122,78.6,7.3,220,1118,836,80.9,136,48.4,43.3,27.4,47.4,64.1,40.2,22.5,28.3,9,2325,50.6,91.2,2294,-7.3,-16,19.9,2.2,39.4,81.1,2426,5.6,-39.5,13,5.2,9.9,83.9,1875,-12.2,-28.2,17.1,1.7,Kenta Maeda,2.4
Godley,Zack,2017,155,0.225,0.362,0.292,0.298,0.132,0.346,0.356,0.312,0.32,-0.004,0.002,-0.007,86.2,3.1,28.7,26,6.4,3.5,24.8,16.1,39.4,9.9,38.7,61.2,15.3,30,57.1,42.9,229,401,55.1,1335,68.5,6.7,179,1375,869,84.7,102,44.9,38.4,31.2,44.1,60.8,57.7,16.8,21.5,4,2523,56.7,90.8,2276,-7.7,-26.1,13.1,1.7,35.9,83.1,2175,2.4,-49.9,10.4,1.4,7.2,83.8,1463,-8.7,-37.6,10.4,1.6,Zack Godley,2.4
Sanchez,Anibal,2017,105.1,0.274,0.486,0.347,0.323,0.207,0.466,0.42,0.405,0.356,0.039,0.061,0.033,87.5,16.3,37.7,26,7.5,6.4,26.4,27.8,25.2,6.7,36.8,65.8,17.6,24.2,42.2,57.8,92,218,48.7,902,75.8,8.5,380,1055,419,82.4,110,51.3,43,23.9,45.5,61.4,36.5,25.8,28.7,9,1854,56.9,90.5,2200,-6,-16.7,18.8,1.6,22.5,81.1,2242,4.6,-39.2,8.1,4.6,20.4,81.7,1597,-12.5,-33.3,15.7,4.6,Anibal Sanchez,2.5
Minor,Mike,2017,77.2,0.188,0.294,0.239,0.249,0.103,0.321,0.301,0.295,0.273,0.016,0.027,0.013,84.7,15.7,28.6,5,2.6,6.1,19.9,31.1,33.2,7.1,30.3,65.8,21.1,34.1,39.2,60.8,83,212,52.1,621,78.4,6.2,122,550,519,78.9,79,47.9,42.9,27.6,49.3,65.5,43.4,25.5,17.9,13.3,1191,46.1,94.5,2597,4.4,-15.3,17,1.5,43.5,87.4,2640,-7.4,-32.6,11.1,2.8,10.2,86.7,2248,11.7,-24.6,17.5,1.4,Mike Minor,2.5
Gray,Jon,2017,110.1,0.256,0.385,0.306,0.308,0.123,0.379,0.375,0.359,0.348,0.01,0.015,0.003,85.3,7.3,34.1,13,4.1,6.9,24.9,19.2,38.8,6,31.7,60.3,13.4,26.1,45.9,54.1,105,229,48,878,76.4,8.8,40,1035,756,86.6,77,52,43.9,22.6,44,61.6,48.6,16.4,28.7,6.3,1872,56.5,96,2065,-9.2,-13.7,18.7,1.3,41.2,86.4,2313,4,-33.7,9.6,5.2,2.1,88.6,1798,-8.5,-21.9,15.4,2.2,Jon Gray,2.5
McCullers Jr.,Lance,2017,118.2,0.24,0.359,0.302,0.317,0.112,0.367,0.364,0.349,0.338,0.009,0.013,0.003,86.5,0.3,30.4,15,4.6,4.3,24.6,12.2,48.3,6.1,32.8,63.7,13.5,30.4,53.6,46.4,179,334,54.7,1097,62.9,6.6,230,819,956,86.5,78,45.3,41.7,28,45.5,55.7,62.3,11.9,23.4,2.4,2325,39.8,94.1,2294,-14.1,-21.8,17.5,1.7,49.6,85.9,2849,6.8,-47.4,12.3,1.9,10.4,88.8,1903,-17.4,-32,18.3,1.4,Lance McCullers Jr.,2.5
Archer,Chris,2017,201,0.237,0.394,0.303,0.296,0.154,0.4,0.397,0.359,0.347,0.009,0.013,0.003,89,12.1,34.9,32,5.9,7.6,28.3,24.3,30.5,3.3,39.4,68.4,22.5,27,51,49,233,457,49.9,1695,78.5,7.3,273,1610,1513,77.5,262,50.1,43,30.5,47.7,62.3,43.1,23.6,27,6.3,3396,47.4,95.5,2249,-6.5,-12.4,19.5,1.5,44.5,88.9,2546,3.2,-34.9,4.7,1.9,8,85.9,1766,-14.6,-29.5,17,1.8,Chris Archer,2.6
Gibson,Kyle,2017,158,0.293,0.47,0.36,0.36,0.172,0.395,0.403,0.36,0.362,-0.001,-0.002,-0.005,88.2,6.3,33.6,35,6.9,4.3,28.9,17.2,37.5,5.1,37.4,66.4,15.5,28.1,38.8,61.2,155,399,54.4,1420,72.3,5,380,1510,719,84.5,122,45.6,44.6,23.4,45.6,59.5,51.6,18.4,26.7,3.4,2609,57.8,92.1,2076,-11.4,-16.2,20.1,1.9,27.5,82.4,2429,5.4,-38.9,8.2,2.9,14.5,84,1645,-13.5,-29.8,16.4,1.5,Kyle Gibson,2.6
Odorizzi,Jake,2017,143.1,0.242,0.447,0.33,0.32,0.201,0.352,0.378,0.285,0.314,-0.022,-0.01,-0.017,87.2,18.9,35.6,34,8.2,5.3,22.5,35.8,22.3,5.8,34.9,72.4,21.2,27.5,34.1,65.9,134,393,54.5,1429,78.1,6.4,593,1601,426,78.8,183,45.5,43.2,25.3,47.9,54,32.4,32,25.2,10.4,2620,61.1,90.5,2272,-9.6,-16.8,20.9,2.8,16.2,78.8,2210,5.4,-46.6,10,5.6,22.6,84.1,1414,-13.9,-31.5,16.9,1.4,Jake Odorizzi,2.6
Velasquez,Vince,2017,72,0.275,0.484,0.364,0.359,0.207,0.42,0.426,0.356,0.363,-0.005,0.012,-0.003,88.7,12.2,35.7,16,7.6,8.1,26.7,21.9,30,5.7,41.1,67,15,25.3,40.3,59.7,58,144,45,570,77.5,10.2,129,857,280,85,70,55,42.2,20.9,48.2,63.8,44.8,22.9,25.7,6.7,1266,67.6,93.8,2350,-4.3,-12.2,19.6,1.8,22.1,82.2,2376,7.8,-44.7,11.1,3.3,10.1,87.6,1646,-12,-26.8,15.3,1.6,Vince Velasquez,2.6
Leclerc,Jose,2017,45.2,0.152,0.247,0.282,0.335,0.093,0.272,0.277,0.237,0.246,-0.006,0.008,-0.003,84.5,20.2,24.7,3,3.1,7.2,18.6,38.1,27.8,5.2,30.2,63.5,27.4,26.7,59.5,40.5,78,131,56.8,491,72.7,7.6,56,520,286,72.6,65,43.2,38.8,38.8,42.7,55,40.2,27.8,16.5,15.5,862,60.3,94.5,2594,-5.8,-16.9,17.2,3.6,33.1,82.1,2471,5.4,-39.1,8.4,2.2,6.4,87.4,2103,-13.1,-27.2,16.5,1.4,Jose Leclerc,2.6
Williams,Trevor,2017,150.1,0.264,0.409,0.328,0.337,0.138,0.34,0.367,0.319,0.335,-0.009,-0.02,-0.019,85,8.6,33.7,24,5.2,4.1,24.4,23.3,35.9,7.1,29.4,68.8,13.5,25.9,34.6,65.4,111,321,51.3,1240,81.1,6.6,252,1724,442,86.4,109,48.7,45.3,19.5,46.8,60.9,49.9,18.6,25.3,6.3,2418,71.2,92,2021,-9.5,-20.1,16.4,2,18.2,83.2,2182,5.1,-36.6,7,3,10.4,85.2,1778,-15.9,-28.7,18.2,1.4,Trevor Williams,2.7
Greinke,Zack,2017,202.1,0.228,0.402,0.295,0.273,0.17,0.36,0.38,0.32,0.322,0.002,-0.015,-0.013,86.5,9,31.8,40,7.4,6.1,21.6,23.5,34.6,6.8,30.6,62.9,18.7,32,45.9,54.1,255,556,55,1737,70.7,5.7,506,1513,1117,81.3,167,45,43.6,29.1,45.9,62.4,47.9,20.1,25.1,6.8,3298,48.5,90.8,2386,-4,-16.7,18.2,1.3,35.3,80.5,2600,8.2,-46.6,11.3,5.5,16.1,87.2,1822,-13.1,-30.3,15.2,1.2,Zack Greinke,2.8
Lynn,Lance,2017,186.1,0.235,0.398,0.318,0.324,0.159,0.332,0.35,0.287,0.306,-0.012,-0.003,-0.013,85.7,10.9,32.3,31,5.8,4.9,23.2,25.8,33.1,7.3,27.3,68.7,19,24.1,31.8,68.2,131,412,54.5,1713,79.6,5.8,168,2825,151,81,187,45.5,42.5,22.8,44.4,54.6,45.4,23.7,23.4,7.5,3144,89.8,91.3,2316,-10.5,-21.6,17.1,2.5,4.8,78.9,2184,5.6,-52.2,9.8,2.1,5.3,86,1988,-13,-27.8,17.1,2.2,Lance Lynn,2.8
Pivetta,Nick,2017,133,0.262,0.447,0.344,0.34,0.179,0.437,0.414,0.38,0.36,0.019,0.045,0.014,87.6,12.2,36.6,28,7.3,6.5,26.6,21.4,32.6,5.5,36.7,64.7,16.1,26.1,37.7,62.3,119,316,49.6,1209,74.1,7.9,99,1610,728,83.9,128,50.4,44.5,22.2,45.6,59.4,45.2,23.2,25.6,6,2437,66,94.4,2263,-8.6,-12.2,20.8,1.6,29.8,81.3,2676,10.7,-45.4,13.4,3.3,4,86.5,1771,-12.4,-24.9,17.5,1.6,Nick Pivetta,2.8
Morton,Charlie,2017,146.2,0.228,0.362,0.299,0.307,0.128,0.363,0.36,0.322,0.324,0,0.024,0.002,85,6.7,32.6,18,4.6,4.1,25.4,20.8,39,6.2,29.6,62.9,18.6,27.3,42.4,57.6,142,335,51.5,1225,70.1,7.3,147,1554,677,81.3,135,48.5,42.4,26.1,44.5,61.1,52.6,18.2,24.9,4.4,2715,65.4,94,2188,-15.4,-25.2,18,3.2,28.6,80.5,2879,14.2,-55.2,18.2,1.3,5.9,86.6,2053,-20.4,-35.7,20.8,1.3,Charlie Morton,2.9
Happ,J.A.,2017,145.1,0.243,0.385,0.299,0.298,0.136,0.359,0.355,0.332,0.321,0.009,0.01,0.002,85.4,8.4,33.3,19,4.3,5.9,24.7,24.2,33.3,7.5,30.7,68.6,17.3,29.6,31.8,68.2,126,396,53.9,1338,79.2,6.2,286,1762,436,82.7,136,46.1,44.5,22.1,47.6,62,47.7,21.9,25.1,5.3,2484,70.9,91.9,2292,10,-18.1,18.6,1.7,17.5,83.3,2228,-3.7,-37.2,8,4.8,11.5,86.4,1693,13.4,-28.1,16.7,1.3,J.A. Happ,3
Berrios,Jose,2017,145.2,0.236,0.393,0.311,0.312,0.153,0.346,0.358,0.317,0.316,0.003,-0.013,-0.009,85.2,13.8,32.5,21,5,7.2,22.1,27.6,32.2,5.8,29.1,62.3,16.3,29.1,37.6,62.4,134,356,51.3,1224,71.4,8.3,206,1466,715,83.7,118,48.7,41.6,23.3,45.3,59.1,40.9,24.8,25.5,8.9,2446,61.2,93.6,2206,-12.5,-15.7,20.9,1.7,30.1,81.5,2407,15.3,-43.8,16.2,1.9,8.5,83.6,1589,-15,-30.9,17.7,1.7,Jose Berrios,3.1
Kershaw,Clayton,2017,175,0.214,0.363,0.265,0.248,0.144,0.346,0.357,0.308,0.311,-0.002,-0.006,-0.007,84.6,9.4,30.5,28,6.3,4.3,22.6,23.8,36.5,6.5,26.9,69,21.3,31.6,50.7,49.3,188,371,48,1175,77.6,7.1,25,1167,1255,78.7,187,52,43,30,51.3,69.4,48.7,20.4,22.4,8.5,2943,48.5,92.9,2357,1.1,-9.4,23,1.1,50.5,83.7,2453,-2.8,-37.1,13.5,8.1,0.9,86,2189,11.2,-15.4,25.2,1.4,Clayton Kershaw,3.3
Keuchel,Dallas,2017,145.2,0.231,0.351,0.289,0.296,0.113,0.306,0.328,0.284,0.302,-0.013,-0.015,-0.016,84.5,-1.5,23.7,21,5.1,2.9,22,11.7,50.1,8.1,32.6,67,17.2,30.5,42,58,168,400,60,1313,76,3.4,283,1494,412,82.8,101,40,46.6,27.1,45.2,60.4,68,11.2,18.1,2.7,2650,69,88.5,2072,6.4,-25.8,12.8,1.6,19.4,78.9,2206,-13.5,-46.9,14.6,2,11.4,78.8,1542,10.9,-34.6,14.6,1.3,Dallas Keuchel,3.3
Hendricks,Kyle,2017,139.2,0.258,0.398,0.311,0.313,0.134,0.339,0.368,0.316,0.337,-0.016,-0.026,-0.02,83.9,7.6,32.8,18,4.4,4.4,25.4,19.8,36.3,9.6,29.3,58.7,15.7,28.4,30.8,69.2,107,347,54,1222,75.2,4.8,633,1452,180,84.3,96,46,48,21.2,42.3,63.3,52.1,17.3,25.2,5.4,2534,65.1,86.1,1967,-9.1,-23.3,17.5,1.5,7.4,72.3,2768,14,-63,16.7,1.6,27.3,78.9,2092,-9.2,-31.6,16.5,1.1,Kyle Hendricks,3.5
Diaz,Edwin,2017,66,0.181,0.306,0.266,0.284,0.121,0.338,0.327,0.288,0.285,0.002,0.027,0.006,86.6,17.8,27.3,7,4.5,6.5,20.8,35.1,28.6,4.5,33.8,68.4,25.9,31,52.2,47.8,94,180,51.5,580,79.5,7.4,0,772,354,74.1,97,48.5,41.9,34.5,49.2,55.8,40.9,26,18.2,14.9,1126,68.5,97.4,2288,-11.2,-12.6,19.8,1.6,31.4,88,2340,2.1,-32.9,4.7,1.5,,,,,,,,Edwin Diaz,3.5
Treinen,Blake,2017,75.2,0.262,0.386,0.313,0.329,0.119,0.376,0.371,0.362,0.348,0.012,0.011,0.004,86.4,2.3,28.5,8,3.6,5,29.4,11.8,43,7.2,35.3,66.2,20,30.1,48,52,84,175,48.7,582,73.6,8.9,82,802,310,80,81,51.3,41.9,28.4,48.6,59.4,61.1,14.9,19.9,4.1,1194,67.1,97.2,2319,-16.6,-20.5,19.8,1.4,25.9,89.1,2516,2.2,-36.7,4.6,1.6,6.8,89.2,1497,-15.2,-30.3,16.6,1.4,Blake Treinen,3.6
Paxton,James,2017,136,0.215,0.312,0.261,0.272,0.093,0.331,0.328,0.318,0.309,0.008,0.012,0.002,86.9,12.3,32,10,2.8,5.1,27.2,25.8,34.6,4.5,31.3,67.1,22,26.4,46.2,53.8,129,279,46.7,1056,75.9,8.4,55,1722,484,78,178,53.3,43.7,28.2,48.1,64.9,45.8,20.5,25.8,7.9,2261,76.1,94.6,2241,8.4,-14.4,18.8,3.1,21.4,80.4,2022,-7.7,-49.5,10.8,1.6,2.4,86.9,1830,11.9,-24.1,17.2,1.7,James Paxton,3.7
Foltynewicz,Mike,2017,154,0.266,0.442,0.341,0.34,0.172,0.395,0.393,0.36,0.347,0.011,0.004,0.001,87.2,12.1,33.5,27,5.6,6.3,25.8,26.5,30.2,5.6,32.7,65.8,17.8,25.9,34.9,65.1,134,384,53.5,1480,73.8,7.6,155,1669,944,82.2,151,46.5,41.3,23.1,44.5,62.3,41.9,24.4,27.7,6,2768,60.2,95.3,2260,-11.3,-14.8,20.2,2.1,34.1,83.8,2431,3.8,-37.8,7.1,4.1,5.5,86.2,1882,-15,-24.9,19.7,2,Mike Foltynewicz,3.8
Taillon,Jameson,2017,133.2,0.259,0.394,0.313,0.322,0.129,0.4,0.365,0.376,0.337,0.031,0.046,0.024,85.2,7.9,33,17,4.1,5.6,28.4,19.7,34.7,7.5,31,64.9,12.8,28.2,37.5,62.5,124,331,50.7,1175,70.9,7.1,229,1487,602,87.2,95,49.3,45.3,20.4,46.3,62.4,49,17,27.9,6.1,2318,64.1,95.1,2216,-10.5,-17.4,17.6,1.1,25.9,81.4,2649,9.7,-54.5,15.7,1.3,9.8,88.1,1647,-10.1,-24.5,15.6,1.4,Jameson Taillon,3.9
Freeland,Kyle,2017,156,0.257,0.395,0.32,0.334,0.132,0.365,0.338,0.341,0.311,0.027,0.041,0.02,84.5,3.3,29.2,22,4.3,5.5,21.8,18.6,38.6,11.2,33.3,68.5,13.6,23.1,30.7,69.3,94,306,51.8,1322,79.5,5.7,195,1604,754,86.4,115,48.2,43.1,18.3,45,54.9,56.5,16.9,21.4,5.3,2553,62.8,92,2236,11.1,-22.1,15.7,1.4,29.5,85.4,2177,-2.2,-31.3,7.8,3,7.6,86.5,1596,10,-28,13.6,1.7,Kyle Freeland,4.1
Marquez,German,2017,162,0.263,0.44,0.331,0.323,0.173,0.403,0.39,0.354,0.341,0.011,0.033,0.01,88,8.4,31.3,35,7.1,5.2,26,22.4,34.9,4.4,36,67.7,14.9,22.8,43.1,56.9,112,260,42.9,1139,76.2,10.8,133,1748,774,85.1,153,57.1,40.3,20.6,48.5,59.8,46.8,23.2,25.8,4.2,2655,65.8,94.9,2171,-7.5,-16,18.1,2,29.1,81.5,2589,7.4,-48.5,11.4,3.6,5,85.6,1682,-8.4,-28.3,14,2.1,German Marquez,4.1
Wheeler,Zack,2017,86.1,0.264,0.448,0.343,0.346,0.18,0.411,0.393,0.37,0.345,0.02,0.017,0.012,87,8.4,36.6,22,8.4,3.1,24.4,21,35.1,7.6,35.5,68.5,17.5,21.9,36.4,63.6,60,165,48.2,752,81.7,8.1,73,960,526,82.5,97,51.8,45.2,22,46.1,60.9,48.1,22.5,25.6,3.8,1559,61.5,94.6,2301,-11.9,-14.3,19.9,1.4,33.7,84.4,2496,2.1,-39.5,7.8,5.1,4.6,88.2,1805,-14,-22.3,18.8,1.6,Zack Wheeler,4.2
Clevinger,Mike,2017,121.2,0.229,0.39,0.317,0.326,0.157,0.346,0.385,0.307,0.334,-0.018,-0.033,-0.023,86.9,13.6,37.2,20,6.6,6.6,24.3,25.2,33.2,4,33.9,62.9,21.6,25.6,50,50,149,298,55.5,1165,78.7,5.8,337,1121,642,78.4,127,44.5,41.6,31.2,42.3,63.3,40.5,20.9,29.2,9.3,2150,53.2,92.5,2217,-9.3,-15.5,18.9,1.4,30.4,79.1,2260,12.5,-42,15.2,3.6,16.3,87,1487,-13.2,-26.2,16.6,1.4,Mike Clevinger,4.2
Snell,Blake,2017,129.1,0.238,0.393,0.316,0.321,0.15,0.347,0.36,0.31,0.316,-0.004,-0.003,-0.008,85.4,12.2,30.7,16,4.3,6.3,23.9,26.9,32.3,6.3,30,64.8,16.5,26.7,44.7,55,155,347,57.2,1301,74.8,5.8,481,1252,542,83.5,104,42.8,43.9,26.5,43,53.7,44.8,25,21.7,8.4,2275,55,94.3,2438,1.5,-11.6,19.2,1.3,23.8,83,2411,-6.2,-42.4,9.8,4.4,21.1,86.3,1754,9.4,-20.7,18.6,2,Blake Snell,4.8
Carrasco,Carlos,2017,200,0.231,0.388,0.296,0.286,0.152,0.373,0.383,0.336,0.334,0.004,-0.002,-0.007,87,9.2,34.3,38,7.4,5,25.4,22.1,34.7,5.4,34.6,68.7,18.9,29.3,54.4,45.6,247,454,50.9,1548,75.7,7.9,490,1498,1050,81.1,194,49.1,41.9,29.7,48.8,63,46.9,20.5,26.4,6.2,3123,48.9,94.2,2227,-13.8,-17.3,19.8,1.6,34.7,84.3,2587,3.6,-39.1,6.1,2,16.3,88.4,1485,-12.4,-32.6,13.3,1.5,Carlos Carrasco,5.2
Nola,Aaron,2017,168,0.225,0.363,0.282,0.282,0.133,0.368,0.352,0.338,0.316,0.016,0.02,0.011,85.5,8.8,33.4,23,5,4.4,25.1,23.1,35.6,6.8,30.8,60.7,20.2,27.3,41.4,58.6,146,353,48.6,1294,65.7,7.5,414,1430,820,79.8,168,51.4,45.7,26.5,44.5,64.4,50.4,21.8,23.1,4.6,2664,53.6,91.9,2074,-12.2,-20.5,17.4,1.7,30.7,77.4,2544,19.2,-54.8,21.1,1.3,15.5,83.8,1435,-12.8,-35.9,13.5,1.4,Aaron Nola,5.4
Severino,Luis,2017,193.1,0.217,0.345,0.276,0.276,0.124,0.336,0.356,0.305,0.321,-0.009,-0.007,-0.013,86.9,7.9,29.7,30,6.1,3.2,25.1,21.4,39.4,4.8,33.3,67.7,21,28.1,47.4,52.6,194,409,47.2,1454,79.1,7.9,418,1582,1081,79,231,52.8,41.6,28.1,49,65.1,50.5,18.4,24.2,6.9,3364,51.6,97.6,2301,-10,-11.3,20.6,1.5,34.9,88.4,2688,6.2,-36.8,7.5,2,13.4,87.3,1669,-13.2,-23.5,18.5,3,Luis Severino,5.4
Kluber,Corey,2017,203.2,0.211,0.336,0.258,0.252,0.122,0.337,0.368,0.301,0.33,-0.018,-0.015,-0.018,85,10.1,34,26,5.5,4.9,24,23.8,34.6,7.2,29.2,63.9,21.1,33.2,59.2,40.8,281,475,48.8,1432,71.1,8,180,1933,824,78.9,203,51.2,43.4,33.6,49,64.5,45.9,19.5,27.2,7.4,3080,65.1,91.4,2382,-6.5,-22.5,14.3,2.3,28.6,84.5,2590,13.5,-35,14.7,1.5,6.2,85.8,1709,-12.7,-30.7,14.7,1.2,Corey Kluber,5.5
Bauer,Trevor,2017,176.1,0.254,0.428,0.326,0.319,0.17,0.417,0.407,0.372,0.356,0.012,0.018,0.006,89,9.4,36.3,38,7.8,5.1,28.5,20.3,33.8,4.5,38.5,62.8,15,21.7,48.7,51.3,169,347,50.7,1596,69.2,7.4,242,1924,981,85,146,49.3,41.7,23.8,42,56.9,46.7,19.3,27.7,6.4,3300,60.9,92.5,2326,-8.4,-17.8,18.4,3.8,31.4,78.8,2547,7.6,-61.7,17.6,2.4,7.5,86.8,1647,-14.4,-28.3,17,1.7,Trevor Bauer,5.8
Corbin,Patrick,2017,189.2,0.263,0.424,0.321,0.32,0.156,0.401,0.383,0.359,0.343,0.013,0.037,0.012,87.3,7.4,30.1,39,6.7,3.1,26.2,20.7,37.7,5.7,35.3,66.9,15.1,28.8,47.1,52.9,223,473,53.3,1641,81.4,5.9,282,1639,1156,84.9,145,46.7,42.3,25.6,46.6,62.5,52.2,18.7,23.6,5.5,3077,53.2,92.2,2269,9.5,-19,16.7,1.5,37.5,80.9,2359,-6.3,-43.8,7.7,2,9.1,83.5,1797,10.8,-27.9,16,2.1,Patrick Corbin,5.9
Cole,Gerrit,2017,203,0.254,0.428,0.32,0.306,0.169,0.383,0.389,0.338,0.339,0,0.006,-0.005,85.4,10.4,34.2,45,7.6,4,27.1,22.6,31.3,7.4,33.7,66.1,17,25.5,34.8,65.2,142,408,48.8,1601,79.1,8.5,339,1972,966,83,188,51.2,41.8,21.8,46.3,63.5,46.6,20.7,25.1,7.6,3277,60.1,95.8,2149,-14.4,-15.3,21.1,1.6,29.4,84.9,2528,6.3,-39.6,9.3,4.6,10.3,88.5,1633,-16.6,-26.2,19.3,1.6,Gerrit Cole,6
Sale,Chris,2017,214.1,0.196,0.34,0.258,0.245,0.14,0.378,0.374,0.337,0.32,0.012,0.009,0.002,86.2,14.4,35.8,30,6.1,6.7,23.2,29.5,29.9,4.7,30.1,65.3,24.9,32.9,47.1,52.9,251,533,47.4,1622,72.3,8.3,645,1653,1127,75.1,293,52.6,44.7,31.8,49.9,66.7,39.8,26.2,25.2,8.7,3602,48.6,94.5,2308,15.6,-19.8,19.9,2.4,32.9,79.9,2405,-13.2,-47.7,13.8,2.3,18.3,86.8,2018,18.5,-31.1,19.8,2,Chris Sale,6.2
Verlander,Justin,2017,206,0.243,0.424,0.32,0.312,0.179,0.345,0.398,0.307,0.341,-0.022,-0.054,-0.035,87.3,16.3,37.4,40,7.2,5.8,24.5,30.3,27.1,5.1,35.2,68.6,17.2,28.9,39.5,60.5,198,501,49.1,1733,78.1,7.4,146,2062,1323,82.8,212,50.9,43.7,23.6,49.1,61.7,34.1,27.1,28.7,10.1,4065,59.3,95.3,2551,-13.4,-13.3,22.4,1.6,36.6,84.9,2657,4.6,-39.9,10.1,4.6,3.9,87.6,1818,-16.5,-28.6,18.8,1.4,Justin Verlander,6.6
Scherzer,Max,2017,200.2,0.18,0.309,0.247,0.249,0.125,0.332,0.333,0.285,0.289,-0.002,0.01,0,85.6,18.1,31.6,25,5.6,5.8,20.4,34.5,28,5.6,29,68.1,25.7,32.4,48.9,51.1,233,476,47.4,1468,74.2,8.9,443,1746,911,74.3,286,52.6,40.8,32.6,51.2,64.7,38.3,28.7,22.2,10.8,3226,56.5,93.2,2496,-8.3,-16.4,18.6,2.8,29.1,83.1,2432,6,-39.5,8.4,4.3,14.2,84.6,1518,-13.9,-34.7,15.1,1.7,Max Scherzer,7.5
deGrom,Jacob,2017,201.1,0.219,0.352,0.276,0.278,0.128,0.381,0.357,0.344,0.32,0.018,0.037,0.015,85.5,10.1,32.1,31,5.9,3.8,26.2,22.8,34,7.4,28.7,68.1,24,29.4,42.7,57.3,192,450,48.5,1533,73.7,7.1,394,1750,1018,76,266,51.5,45.5,29.5,49.3,64.2,47.6,21.8,24.1,6.5,3162,55.3,95.1,2343,-9.6,-14,19,1.4,32.1,86.9,2480,3.2,-33,6.9,4.4,12.4,87.7,1793,-14.8,-26.8,17.2,1.6,Jacob deGrom,9