last_name,first_name,year,xba,xslg,xwoba,xobp,xiso,wobacon,xwobacon,bacon,xbacon,xbadiff,xslgdiff,wobadif,exit_velocity_avg,launch_angle_avg,sweet_spot_percent,barrels,barrel_batted_rate,solidcontact_percent,flareburner_percent,poorlyunder_percent,poorlytopped_percent,poorlyweak_percent,hard_hit_percent,z_swing_percent,z_swing_miss_percent,oz_swing_percent,oz_swing_miss_percent,oz_contact_percent,out_zone_swing_miss,out_zone_swing,out_zone_percent,out_zone,meatball_swing_percent,meatball_percent,iz_contact_percent,in_zone_swing_miss,whiff_percent,swing_percent,groundballs_percent,flyballs_percent,linedrives_percent,popups_percent,pop_2b_sba_count,pop_2b_sba,pop_2b_sb,pop_2b_cs,pop_3b_sba_count,pop_3b_sba,pop_3b_sb,pop_3b_cs,exchange_2b_3b_sba,maxeff_arm_2b_3b_sba,n_outs_above_average,rel_league_reaction_distance,rel_league_burst_distance,rel_league_routing_distance,rel_league_bootup_distance,f_bootup_distance,n_bolts,hp_to_1b,sprint_speed,name,WAR
Mathis,Jeff,2018,0.185,0.288,0.245,0.26,0.102,0.301,0.304,0.298,0.279,0.015,-0.016,-0.002,86.6,14.2,37.1,4,3,7.6,22.7,31.1,29.5,6.1,33.3,66,24,22.3,57.1,42.9,56,98,50.3,440,81,7.2,76,69,32.5,43.9,37.9,25,29.5,7.6,16,2.07,2.05,2.12,1,1.6,,1.6,0.74,78.6,,,,,,,0,4.64,25.7,Jeff Mathis,-2.1
Brinson,Lewis,2018,0.228,0.395,0.29,0.269,0.164,0.328,0.392,0.288,0.333,-0.029,-0.057,-0.042,89.2,6.9,27.3,23,8.7,7.6,20.1,18.6,42.8,2.3,39.2,71.7,26.1,33.9,52.1,47.9,138,265,49.5,781,76.5,8.6,73.9,149,34.3,53,53,22.7,19.7,4.5,,,,,,,,,,,2,-1,0.6,0.6,0.1,34.9,23,4.21,29.3,Lewis Brinson,-1.7
Diaz,Elias,2018,0.289,0.441,0.342,0.345,0.15,0.369,0.371,0.335,0.342,-0.003,0.011,-0.002,89.6,10.4,35.3,14,6.5,5.6,27.4,23.7,34.9,1.9,40.5,66.3,13.2,26.8,42.2,57.8,62,147,50,549,79.3,8.4,86.8,48,21.5,46.5,44.7,21.4,25.6,8.4,18,1.98,1.98,1.98,2,1.45,1.46,1.44,0.72,84.9,,,,,,,0,4.55,26.6,Elias Diaz,-1.5
Granderson,Curtis,2018,0.247,0.416,0.34,0.355,0.168,0.41,0.406,0.349,0.356,-0.005,0.015,0.001,88.3,16.3,44.8,15,6.3,9.6,30.1,28.5,22.2,3.3,34.3,58.7,18.2,21.4,48,52,95,198,52.9,926,70,6.9,81.8,88,26.8,38.9,32.6,28.5,33.9,5,,,,,,,,,,,-6,0.2,-0.4,0.4,0.2,33.3,0,4.3,26.8,Curtis Granderson,-1.4
Davis,Chris,2018,0.189,0.357,0.272,0.264,0.166,0.327,0.388,0.28,0.318,-0.021,-0.061,-0.033,89,14.7,35.5,29,10.3,7.8,19.9,27.7,31.9,2.5,40.1,62.9,26.7,27.9,51.3,48.7,159,310,50.9,1111,71.8,7.1,73.3,180,34.4,45.1,40.8,28.7,25.2,5.3,,,,,,,,,,,,,,,,,0,4.65,25.5,Chris Davis,-1.3
Prado,Martin,2018,0.252,0.337,0.28,0.295,0.081,0.288,0.31,0.296,0.306,-0.008,-0.032,-0.017,87.5,9.1,34,4,2.5,2.5,30.9,24.1,40.1,0,26.1,52.3,10.7,25.2,31.7,68.3,32,101,49.4,401,56.9,8,89.3,23,17.4,38.7,46.3,18.5,30.9,4.3,,,,,,,,,,,,,,,,,0,4.6,25.8,Martin Prado,-1.2
Alonso,Yonder,2018,0.252,0.447,0.331,0.32,0.191,0.369,0.387,0.324,0.328,-0.002,-0.026,-0.012,87.7,15.6,37.4,40,10.1,5,26.9,26.6,28.1,3.3,37.5,73,17.8,30.4,41.8,58.2,147,352,53.2,1158,85.3,6.9,82.2,132,25.4,50.3,39.9,24.4,24.9,10.8,,,,,,,,,,,,,,,,,0,4.95,23.3,Yonder Alonso,-1.2
Hicks,John,2018,0.243,0.388,0.3,0.296,0.141,0.397,0.381,0.366,0.342,0.017,0.015,0.011,87.2,13.8,33,12,5.8,7.8,22.8,24.3,35,4.4,34.5,77.4,25.2,37.7,50.9,49.1,116,228,52,604,86.3,8.8,74.8,109,34.1,56.8,44.2,22.8,23.8,9.2,10,1.97,1.96,2.01,1,1.61,1.61,,0.7,84.4,,,,,,,0,4.43,26.5,John Hicks,-1.2
Davis,Khris,2018,0.248,0.567,0.376,0.329,0.317,0.469,0.486,0.348,0.354,-0.001,-0.018,-0.011,92.5,18.1,38,70,17.2,7.6,18.4,30.4,25.2,1.2,47.8,76,25.2,23.2,60.9,39.1,179,294,50.6,1269,88.8,7.9,74.8,237,33.7,49.3,35.5,32.8,23.3,8.3,,,,,,,,,,,-3,,,,,,0,4.77,26.2,Khris Davis,-1
Kiner-Falefa,Isiah,2018,0.254,0.313,0.284,0.318,0.055,0.32,0.298,0.315,0.307,0.007,0.044,0.017,83.7,6.1,28.7,2,0.7,2,29,19,44.3,5,23.7,55.6,5.9,24.6,37.4,62.6,65,174,47.1,706,66.2,8.9,94.1,26,14.8,41,53,16,25.3,5.7,13,2.04,2.05,2.03,1,1.56,1.56,,0.66,77.2,,,,,,,0,4.27,28,Isiah Kiner-Falefa,-1
Morales,Kendrys,2018,0.272,0.526,0.377,0.355,0.251,0.372,0.441,0.319,0.354,-0.023,-0.088,-0.048,92.3,10,34.4,39,12.1,7.7,26,19.2,33.4,1.5,52.6,63.5,16.4,28.6,45,55,140,311,57.1,1088,72,5.6,83.6,85,27.2,43.6,45.5,30.3,20.4,3.7,,,,,,,,,,,,,,,,,0,4.96,23.5,Kendrys Morales,-0.8
Shaw,Travis,2018,0.242,0.459,0.347,0.348,0.214,0.381,0.375,0.303,0.307,-0.001,0.022,0.004,88.4,16.6,31.2,41,10.3,6,21.2,31,27.5,4,38,66.5,14.3,25,34.6,65.4,110,318,53.4,1273,79.2,6.2,85.7,106,20.4,44.4,38.3,29.2,22.2,10.3,,,,,,,,,,,,,,,,,0,4.41,26.7,Travis Shaw,-0.8
Cabrera,Melky,2018,0.289,0.381,0.328,0.35,0.088,0.344,0.346,0.323,0.343,-0.009,0.039,-0.002,90.4,9.4,33.6,5,2.3,3.7,34.6,20.3,38.7,0.5,41,65.7,9.3,31.2,29.5,70.5,51,173,54.7,555,78.8,6.5,90.7,28,16.6,46.8,46.1,18,30,6,,,,,,,,,,,-6,-1.3,-2.1,0.8,-2.6,31.6,0,4.44,26,Melky Cabrera,-0.7
Almora Jr.,Albert,2018,0.254,0.325,0.278,0.297,0.067,0.346,0.311,0.346,0.313,0.032,0.053,0.027,85.6,7.7,30.1,5,1.4,3,27.9,21.7,40.7,5.4,27.4,70,15.5,39.2,40,60,128,320,50.9,816,80.7,7.4,84.5,85,24.4,54.3,51.8,17.1,23.8,7.3,,,,,,,,,,,11,0.8,0.7,0.1,1.5,36.2,0,4.34,27.9,Albert Almora Jr.,-0.7
White,Tyler,2018,0.246,0.421,0.326,0.327,0.174,0.44,0.366,0.358,0.318,0.03,0.112,0.051,89,17,31.5,15,9.3,4.9,27.2,30.9,27.2,0.6,36.4,61.7,13.2,23.3,28.5,71.5,37,130,53.2,558,78.3,7.9,86.8,40,17.8,41.3,38.3,27.8,24.1,9.9,,,,,,,,,,,,,,,,,0,4.55,25.7,Tyler White,-0.7
Martin,Leonys,2018,0.274,0.491,0.361,0.343,0.216,0.377,0.432,0.333,0.363,-0.019,-0.066,-0.038,86.8,16.2,34.6,26,10.7,8.2,21.4,26.7,25.5,7.4,38.7,73.8,19.1,26.2,45,55,81,180,50.1,686,81.3,6.7,80.9,96,25.9,49.9,37.9,29.2,21.4,11.5,,,,,,,,,,,4,2.2,0.4,-1.8,0.8,35.1,0,4.3,27.5,Leonys Martin,-0.6
Peraza,Jose,2018,0.284,0.387,0.309,0.323,0.099,0.339,0.327,0.324,0.32,0.004,0.029,0.01,83.9,13.4,38.2,14,2.5,3.3,24.7,32.8,30.5,6.1,23.6,66.1,6.7,32.6,28.5,71.5,108,379,50.8,1164,66,8.9,93.3,50,14,49.1,38.9,24.2,28.9,7.9,,,,,,,,,,,,,,,,,19,4.19,28.8,Jose Peraza,-0.6
Lucroy,Jonathan,2018,0.251,0.356,0.291,0.303,0.101,0.284,0.309,0.281,0.296,-0.01,-0.031,-0.02,86.7,13.4,37,8,2.2,4.2,28.9,28.3,33.6,2.8,27.5,57.4,8.7,27.5,25.8,74.2,58,225,46.4,817,63.8,9.1,91.3,47,13.7,43.5,42.9,20.7,27.5,9,43,2,2.01,1.99,5,1.58,1.57,1.59,0.69,80.7,,,,,,,0,4.7,25.1,Jonathan Lucroy,-0.5
Wolters,Tony,2018,0.198,0.276,0.274,0.318,0.074,0.232,0.25,0.205,0.243,-0.028,0.01,-0.013,84.3,5,24.5,5,3.3,1.3,20.5,21.9,49,4,21.2,65.4,12.4,23.1,31.6,68.4,31,98,52.6,424,76.5,6.3,87.6,31,18,43.3,57,16.6,19.2,7.3,19,1.99,1.97,2.01,3,1.54,1.53,1.56,0.67,78.5,,,,,,,0,4.49,26,Tony Wolters,-0.5
Franco,Maikel,2018,0.259,0.416,0.308,0.305,0.154,0.362,0.336,0.313,0.301,0.011,0.051,0.02,88.1,9.5,29.7,25,6.7,4,23,21.9,42,2.4,34,72.7,14.3,32.3,36.1,63.9,99,274,51.8,849,85.5,6.7,85.7,82,21.2,51.8,49.5,19,20.1,11.5,,,,,,,,,,,,,,,,,0,4.73,25.6,Maikel Franco,-0.5
Camargo,Johan,2018,0.24,0.379,0.31,0.324,0.136,0.399,0.347,0.351,0.314,0.032,0.078,0.036,88,12.5,31.2,18,5,6.4,27,25.1,34.5,1.9,33.7,70,20.7,32.2,37.3,62.7,135,362,54.1,1125,76,6,79.3,138,26.6,49.4,44.8,24.2,22.8,8.1,,,,,,,,,,,,,,,,,0,4.45,26.3,Johan Camargo,-0.5
Pujols,Albert,2018,0.265,0.447,0.325,0.308,0.178,0.321,0.352,0.283,0.306,-0.02,-0.036,-0.026,90,14.1,34.5,25,6.2,6.7,25.6,27.5,31.8,2.2,40.7,66.2,9.7,32.4,32,68,99,309,52.8,954,74.2,6.9,90.3,55,17.6,48.4,40.9,22.6,26.3,10.2,,,,,,,,,,,,,,,,,0,5.01,22.2,Albert Pujols,-0.4
Hosmer,Eric,2018,0.251,0.392,0.31,0.322,0.136,0.36,0.36,0.328,0.328,0.002,0.006,0,88.8,-1.2,27.3,30,6.4,4,22.9,13.1,49.4,4.2,38.2,70.6,18,29.2,48.2,51.8,188,390,53.1,1336,84.2,5.8,82,150,27.6,48.5,61,13.1,21,4.9,,,,,,,,,,,,,,,,,0,4.46,26.3,Eric Hosmer,-0.4
Arcia,Orlando,2018,0.214,0.286,0.237,0.249,0.069,0.311,0.288,0.313,0.285,0.022,0.021,0.017,85.6,3.3,24.3,6,2.3,3,26.2,19.4,44.5,4.6,28.6,69.1,20.8,34.5,46.1,53.9,101,219,48.5,634,75.7,8.8,79.2,97,28.9,52.4,56.7,14.1,21.7,7.6,,,,,,,,,,,,,,,,,0,4.44,26.8,Orlando Arcia,-0.4
Bauers,Jake,2018,0.215,0.362,0.309,0.329,0.144,0.353,0.354,0.289,0.312,-0.014,0.022,-0.001,86.8,11.3,33.9,16,7,4.8,22.5,27.3,34.4,4,31.3,63,22.5,20.4,44.3,55.7,77,174,53.3,853,74.6,7.9,77.5,106,28.4,40.3,45.4,22.9,24.2,7.5,,,,,,,,,,,-1,-1.4,-2.6,0.4,-3.6,28.9,0,4.19,27.8,Jake Bauers,-0.4
Desmond,Ian,2018,0.232,0.389,0.304,0.304,0.153,0.373,0.356,0.317,0.312,0.004,0.033,0.011,89.9,0,28.5,29,7,5.3,20,13,52.4,2.2,43.2,69.6,20.8,27.1,49.5,50.5,157,317,50.5,1171,81.4,7.6,79.2,166,28.9,48.1,61.6,14.5,21,2.9,,,,,,,,,,,1,0,1,0.7,1.7,34,3,4.36,28.1,Ian Desmond,-0.3
Guzman,Ronald,2018,0.225,0.363,0.291,0.297,0.135,0.399,0.365,0.341,0.327,0.01,0.053,0.021,86.6,14.3,33.3,17,6.4,6.7,24.3,25.8,32.2,4.5,33.1,68.7,17.3,33.8,54.2,45.8,163,301,51.8,890,76.1,6.8,82.7,98,30,50.6,41.2,24,26.6,8.2,,,,,,,,,,,,,,,,,0,4.48,26.2,Ronald Guzman,-0.3
Robertson,Daniel,2018,0.24,0.379,0.336,0.364,0.137,0.393,0.363,0.357,0.327,0.022,0.036,0.018,86.6,7.7,31.9,11,5.3,7.2,22.2,18.8,41.5,4.8,34.8,59.7,18.2,20.3,48,52,72,150,52.1,739,65.3,6.7,81.8,74,26.2,39.2,50.2,19.8,22.7,7.2,,,,,,,,,,,,,,,,,0,4.44,27.7,Daniel Robertson,-0.3
Kinsler,Ian,2018,0.248,0.369,0.299,0.309,0.118,0.302,0.303,0.275,0.284,-0.008,0.011,-0.001,85.3,17.8,36.6,13,3.1,3.8,24.2,34.5,29.8,4.7,25.9,66.1,7.5,24.4,25.4,74.6,64,252,49.7,1032,79.4,7.9,92.5,52,12.2,45.4,36.9,23.9,27.2,12,,,,,,,,,,,,,,,,,0,4.53,26.6,Ian Kinsler,-0.2
Upton,Justin,2018,0.256,0.472,0.358,0.347,0.213,0.447,0.463,0.377,0.382,0.001,-0.009,-0.01,90.7,11.8,34.7,51,14,6.6,24.8,19.6,31.1,3.9,47.4,64.8,25.2,20.9,50.2,49.8,134,267,50.6,1278,73.7,7.5,74.8,204,31.5,42.6,42.4,25.1,25.9,6.6,,,,,,,,,,,-6,-1.4,-0.9,0.8,-1.4,31.6,2,4.37,27.8,Justin Upton,-0.2
Parra,Gerardo,2018,0.266,0.374,0.308,0.327,0.103,0.345,0.339,0.347,0.326,0.018,-0.002,0.005,85.3,8,34.7,9,2.7,6.3,28.1,21.1,37.8,3.9,26.3,73.6,12.5,30.9,35.9,64.1,93,259,53.2,839,77.4,9.3,87.5,68,20.1,50.8,49.5,19.9,26.9,3.6,,,,,,,,,,,-2,1.1,0.1,-0.5,0.7,34.1,0,4.31,26.6,Gerardo Parra,-0.2
Murphy,Daniel,2018,0.305,0.459,0.346,0.343,0.15,0.363,0.372,0.337,0.345,-0.006,-0.005,-0.008,87.6,16.3,42.3,14,4.8,4.8,30.9,30.2,27.8,1.4,28.5,70,7.9,29.7,26.5,73.5,48,181,47.8,609,74.5,7.7,92.1,37,13.1,50.7,35.4,25.4,31.6,7.6,,,,,,,,,,,,,,,,,0,4.58,25.6,Daniel Murphy,-0.2
Perez,Hernan,2018,0.245,0.374,0.287,0.284,0.127,0.35,0.343,0.325,0.317,0.008,0.012,0.005,87.3,10.9,34.1,12,4.9,4.9,24,26.8,36.2,3.3,32.1,63,14,36.1,34.8,65.2,79,227,49.7,629,73.1,7.3,86,56,21.5,49.6,43.5,23.6,24.4,8.5,,,,,,,,,,,-1,1,-3.1,0,-2.1,31.2,0,4.38,28,Hernan Perez,-0.2
Jones,JaCoby,2018,0.239,0.368,0.295,0.297,0.126,0.357,0.392,0.308,0.358,-0.032,-0.004,-0.021,88,12,35.5,17,5.9,8.3,25.2,21,35.2,4.1,35.5,68.1,20.4,35.1,49.8,50.2,159,319,51.3,908,77.3,6.7,79.6,120,30.8,51.1,43.8,20.3,27.2,8.6,,,,,,,,,,,7,-0.5,-0.5,0,-1.1,32.9,14,4.23,29.1,JaCoby Jones,-0.2
Jones,Adam,2018,0.271,0.411,0.311,0.304,0.138,0.353,0.348,0.332,0.321,0.01,0.008,0.004,88,13,35.6,24,4.9,5.3,27.5,27.5,32.4,2.4,33.1,72.5,13,39.3,41.1,58.9,187,455,53.5,1157,77.3,6.1,87,95,23.8,54.8,43.6,21.8,25.9,8.8,,,,,,,,,,,-14,-0.8,-3.1,0.1,-3.7,30.1,0,4.53,26.7,Adam Jones,-0.1
Aguilar,Jesus,2018,0.255,0.493,0.358,0.34,0.236,0.469,0.444,0.376,0.357,0.019,0.046,0.016,89.8,16.2,38.2,41,11.4,7.2,26.5,26.5,24.2,4.2,42.6,59.6,19.4,33.9,42,58,190,452,54.9,1335,67.5,6.3,80.6,127,28.7,45.5,35.7,32,26.2,6.1,,,,,,,,,,,,,,,,,0,4.68,24.7,Jesus Aguilar,-0.1
Adams,Matt,2018,0.241,0.468,0.333,0.311,0.225,0.395,0.393,0.313,0.316,-0.002,0.009,0.001,88.7,19,35.6,24,10.3,6,22.7,30.5,28.8,1.7,39.5,71.2,14.6,33,44.3,55.7,101,228,54.9,690,82.6,7.3,85.4,59,25.5,50.2,36.1,28.3,24,11.6,,,,,,,,,,,-1,,,,,,0,4.56,25.9,Matt Adams,-0.1
Santana,Domingo,2018,0.224,0.376,0.295,0.295,0.149,0.444,0.403,0.409,0.353,0.041,0.036,0.024,89,11.5,36.5,14,10.2,5.1,24.8,21.2,33.6,5.1,39,68.7,25.7,28.5,58.7,41.3,81,138,53.3,485,83.1,6.5,74.3,75,36.1,47.2,49.6,24.1,24.8,1.5,,,,,,,,,,,2,-0.2,-0.6,0.4,-0.4,32.9,0,4.51,26.9,Domingo Santana,0
Lamb,Jake,2018,0.231,0.377,0.31,0.318,0.143,0.345,0.378,0.315,0.334,-0.009,-0.029,-0.02,88.2,4.9,31.5,9,6.2,10.3,24,15.8,39,4.8,37.2,59.9,17.5,24.4,56.9,43.1,66,116,49,476,73.8,6.7,82.5,52,28.7,42.6,51.4,26,21.9,0.7,,,,,,,,,,,,,,,,,0,4.36,26.9,Jake Lamb,0
Smith,Mallex,2018,0.27,0.352,0.311,0.343,0.077,0.375,0.336,0.37,0.337,0.026,0.054,0.029,84,2.6,32.5,6,1.5,3.6,27.6,19.9,40.9,6.4,23,71.9,19.9,25.5,41.8,58.2,109,261,49.6,1022,77.6,8,80.1,149,25.6,48.9,51.2,17.1,28.1,3.6,,,,,,,,,,,-2,-0.6,1,0.7,1,34.4,91,4.03,29.8,Mallex Smith,0
Moran,Colin,2018,0.27,0.424,0.33,0.337,0.15,0.357,0.368,0.338,0.334,0.007,-0.017,-0.008,88,10.5,38.2,18,5.3,7.1,29.1,21.5,35.3,1.8,35.3,73.3,13.1,26.6,37.7,62.3,87,231,50.4,868,89,7.9,86.9,82,19.7,49.8,46.2,17.6,31.2,5,,,,,,,,,,,,,,,,,0,4.61,25.2,Colin Moran,0.1
Allen,Greg,2018,0.255,0.343,0.291,0.31,0.083,0.328,0.332,0.327,0.326,0.002,0,-0.003,84.7,6.5,35.4,3,1.4,5.2,27.4,22.2,38.2,5.7,30.2,64.3,13.4,22.9,43.1,56.9,50,116,45.1,506,75.5,9.1,86.6,53,20.2,45.6,50.5,17.5,28.3,3.8,,,,,,,,,,,1,-0.4,-0.9,-0.8,-2.2,31.7,23,4.14,28.9,Greg Allen,0.1
Smoak,Justin,2018,0.222,0.436,0.335,0.334,0.211,0.422,0.398,0.347,0.319,0.02,0.021,0.014,89.5,14.9,36.9,38,10.8,7.7,21.3,27.3,31.3,1.7,41.9,61.6,17.3,22.3,44.4,55.6,132,297,54.5,1331,79.2,6.3,82.7,118,25.3,40.3,40.6,30.4,22.2,6.8,,,,,,,,,,,,,,,,,0,4.91,23.8,Justin Smoak,0.2
Rodriguez,Ronny,2018,0.22,0.326,0.258,0.258,0.104,0.3,0.301,0.278,0.281,0,0.009,-0.001,83.9,11.3,27.9,5,3.2,4.5,19.5,28.6,35.1,9.1,29.9,68,17.9,37.5,46.5,53.5,73,157,53.2,419,71.2,6.6,82.1,45,28.9,51.8,48.7,21.4,21.4,8.4,,,,,,,,,,,,,,,,,0,4.25,28,Ronny Rodriguez,0.2
Forsythe,Logan,2018,0.224,0.305,0.277,0.306,0.077,0.29,0.294,0.298,0.288,0.008,-0.014,-0.003,87.3,10.4,29.4,3,1,5.2,23.9,28.7,38.8,2.4,29.8,53.5,14.7,13.9,31.4,68.6,33,105,44.6,758,69.6,9.9,85.3,74,17.6,35.8,49.5,24.2,20.4,5.9,,,,,,,,,,,,,,,,,0,4.51,27.3,Logan Forsythe,0.2
Panik,Joe,2018,0.281,0.382,0.315,0.335,0.096,0.273,0.314,0.274,0.307,-0.027,-0.05,-0.035,86.5,9.7,32.7,9,2.7,3.9,27.9,24.9,38.7,1.8,29.7,64.3,6.7,19.5,24.5,75.5,35,143,49.6,735,83.3,6.5,93.3,32,10.7,42.1,48.3,19.2,25.5,6.9,,,,,,,,,,,,,,,,,0,4.46,25.6,Joe Panik,0.2
Martinez,Jose,2018,0.309,0.521,0.384,0.369,0.209,0.402,0.44,0.376,0.384,-0.004,-0.064,-0.028,90.7,8,37.5,41,9.4,7.6,26.2,17.2,37.7,1.8,44.1,63.6,14.4,26.1,36.3,63.7,119,328,53.5,1259,73.9,7,85.6,100,21.4,43.6,46.9,19.3,30.8,3,,,,,,,,,,,-5,-0.2,-3.3,-0.5,-4.1,29.4,3,4.51,26.5,Jose Martinez,0.3
Cron,C.J.,2018,0.251,0.486,0.347,0.322,0.231,0.436,0.435,0.352,0.35,0.002,0.007,0,88,15.2,34.3,44,12.2,6.1,23.3,23.8,27.1,7.5,36.6,69.6,21.2,34.9,42.5,57.5,174,409,54,1171,77.6,7.6,78.8,147,29.1,50.8,41.6,23.5,23.8,11.1,,,,,,,,,,,,,,,,,0,4.58,26.3,C.J. Cron,0.3
Zunino,Mike,2018,0.207,0.418,0.296,0.266,0.209,0.425,0.44,0.333,0.345,-0.006,-0.008,-0.008,89.5,17.8,33.3,31,13.8,8,20.9,28.4,25.3,3.6,44.9,69,27.7,30.6,59.3,40.7,160,270,51.5,882,80.7,7,72.3,159,37.9,49.2,38.2,31.1,20.4,10.2,25,2.02,2.04,2,2,1.69,1.74,1.64,0.72,81.2,,,,,,,0,4.57,26,Mike Zunino,0.3
Odor,Rougned,2018,0.247,0.41,0.319,0.322,0.16,0.387,0.378,0.341,0.333,0.006,0.014,0.006,87.8,11.7,30.5,25,7.1,7.3,22,26.3,30.5,6.8,38.1,64.4,15.5,32.3,37.7,62.3,126,334,52.3,1033,68.3,7.2,84.5,94,23.3,47.6,44.9,22.6,23.2,9.3,,,,,,,,,,,,,,,,,10,4.14,28.1,Rougned Odor,0.3
Candelario,Jeimer,2018,0.203,0.345,0.289,0.299,0.139,0.366,0.331,0.315,0.287,0.021,0.048,0.022,87.1,15.3,32,23,6,4.2,22.4,30.5,32.6,4.4,33.3,61.3,18.3,25.6,41.6,58.4,149,358,52.3,1398,66.7,6.8,81.7,143,25.6,42.6,42.2,22.4,24.5,10.9,,,,,,,,,,,,,,,,,0,4.41,27.3,Jeimer Candelario,0.3
Heredia,Guillermo,2018,0.252,0.354,0.307,0.333,0.098,0.299,0.315,0.285,0.305,-0.016,-0.012,-0.012,83.9,9.2,31.3,7,2.8,2.8,26.1,25.7,33.7,8.8,26.9,66.1,11.6,17.9,37.7,62.3,43,114,49.9,638,78.5,7.3,88.4,49,17.1,42.1,45.8,21.7,24.9,7.6,,,,,,,,,,,6,1.5,0.2,-0.9,0.7,34.8,0,4.25,28.4,Guillermo Heredia,0.3
Kemp,Tony,2018,0.229,0.311,0.288,0.322,0.077,0.337,0.283,0.316,0.277,0.034,0.081,0.039,82.6,10.8,34.4,1,0.5,4.7,24.2,27.9,37.2,5.6,17.7,63.1,13,22.6,33.3,66.7,40,120,49.7,530,70.1,7.2,87,44,18.3,43,47.9,22.3,25.1,4.7,,,,,,,,,,,0,0.5,-0.4,0.1,0.2,33.8,0,4.15,27.6,Tony Kemp,0.3
Walker,Neil,2018,0.248,0.428,0.33,0.335,0.178,0.321,0.379,0.288,0.327,-0.029,-0.074,-0.038,87.6,13.1,42.8,16,6.1,9.5,26.9,26.5,27.7,3.4,33.3,67.2,15.4,25.9,40.5,59.5,87,215,52.4,830,72.5,6.4,84.6,78,22.9,45.6,39.4,29.5,25.8,5.3,,,,,,,,,,,-2,-0.1,-3.7,-0.5,-4.3,28.1,0,4.44,26.5,Neil Walker,0.4
Markakis,Nick,2018,0.294,0.429,0.345,0.367,0.132,0.355,0.356,0.335,0.336,0.003,0.011,0,90.6,10.1,38.4,17,3.1,6,32.4,23.4,34.1,1.1,41.5,60.5,7.4,20,23.7,76.3,66,278,49.6,1388,72.8,7.8,92.6,63,11.4,40.4,44,19.6,31.3,5.1,,,,,,,,,,,1,0.4,-0.6,-0.2,-0.4,32.9,0,4.4,26.4,Nick Markakis,0.4
Beckham,Tim,2018,0.239,0.377,0.297,0.296,0.135,0.35,0.363,0.314,0.328,-0.009,-0.003,-0.009,86.6,9.4,31.6,16,5.9,5.9,25.4,22.8,35.7,4.4,35.3,67.3,20.4,27.8,48.3,51.7,101,209,48.6,752,74,8.2,79.6,109,28.2,48.1,49.3,22.8,22.4,5.5,,,,,,,,,,,,,,,,,0,4.41,27.2,Tim Beckham,0.4
Crawford,Brandon,2018,0.26,0.384,0.311,0.334,0.122,0.354,0.361,0.326,0.339,-0.006,0.01,-0.005,87.3,11.1,37.2,15,3.6,6.3,30.2,22.5,34.8,2.7,33.1,75.7,22.5,29.8,45.7,54.3,154,337,51.1,1132,88.4,6.6,77.5,184,29.2,52.1,44.4,21,28.3,6.3,,,,,,,,,,,,,,,,,0,4.42,25.8,Brandon Crawford,0.4
Hamilton,Billy,2018,0.23,0.273,0.26,0.296,0.039,0.323,0.298,0.316,0.312,0.006,0.054,0.017,79.3,14.3,36.6,2,0.5,0.8,27.6,31.3,32.6,6.9,8.5,67,19.3,26.3,36.9,63.1,99,268,47.8,1020,82.4,7.7,80.7,144,23.9,47.6,40.1,17.8,30.8,11.4,,,,,,,,,,,16,0.7,1,0.1,1.7,35.6,99,3.94,30.1,Billy Hamilton,0.4
Belt,Brandon,2018,0.259,0.485,0.355,0.348,0.224,0.384,0.428,0.344,0.352,-0.006,-0.071,-0.028,86.1,22.5,43.9,31,10.5,5.1,25.2,36.7,17.3,5.1,31.6,77.1,18,22.8,49.8,50.2,110,221,52.7,970,86.4,6.8,82,121,26,48.6,25.2,35,29.9,9.9,,,,,,,,,,,,2.5,-3.3,-2.6,-3.5,29.3,0,4.47,25.9,Brandon Belt,0.5
Gordon,Dee,2018,0.277,0.333,0.278,0.298,0.05,0.307,0.308,0.31,0.321,-0.009,0.016,-0.001,80.6,3.5,30.4,1,0.2,1.6,25.9,18.8,44.3,9.2,12.5,67.2,8.1,38.5,30,70,109,363,47.4,942,76.2,8.2,91.9,57,15.6,53.7,58.4,14.3,24.3,3.1,,,,,,,,,,,-3,-0.7,0.5,0.5,0.4,35.2,66,3.95,29,Dee Gordon,0.5
Grichuk,Randal,2018,0.246,0.485,0.338,0.303,0.238,0.435,0.431,0.341,0.344,-0.001,0.017,0.002,90.6,18.5,35.1,44,14.4,6.2,21.6,30.8,23.6,3.3,43.1,70.2,20.4,32.7,52.6,47.4,161,306,52.1,937,80,6.7,79.6,123,31.2,50.6,35.1,29.5,23.6,11.8,,,,,,,,,,,7,-1.3,0.8,0.6,0.1,33.4,0,4.35,28.3,Randal Grichuk,0.5
Myers,Wil,2018,0.28,0.451,0.344,0.342,0.169,0.42,0.446,0.361,0.398,-0.027,-0.005,-0.016,90.3,9.2,38.8,16,7.3,10,29.2,16.9,34.7,1.8,45.7,63.9,19.6,30.7,35.4,64.6,80,226,52,736,68.4,6.9,80.4,85,25,46.6,43.8,19.6,31.5,5,,,,,,,,,,,-1,-1,0.1,-0.9,-1.8,32.1,0,4.35,28.1,Wil Myers,0.5
Severino,Pedro,2018,0.195,0.279,0.246,0.277,0.081,0.234,0.27,0.222,0.258,-0.027,-0.032,-0.024,83.2,14.1,31.3,3,2.1,1.4,23.6,34,33.3,5.6,19.4,65.5,17.5,30.8,32,68,40,125,49.2,406,76.8,6.8,82.5,48,21.9,48.5,41.7,19.4,25,13.9,21,1.98,1.98,1.99,0,,,,0.71,84.3,,,,,,,0,4.31,27.3,Pedro Severino,0.5
Russell,Addison,2018,0.25,0.343,0.294,0.318,0.091,0.33,0.335,0.325,0.327,0,-0.003,-0.003,86.3,12,36.7,7,2.2,5.9,26.9,27.2,34.6,3.4,26.5,68.6,18,27.7,48.3,51.7,126,261,51.3,942,83.6,7.3,82,111,27.1,47.6,42.9,19.1,30.2,7.7,,,,,,,,,,,,,,,,,1,4.25,27.5,Addison Russell,0.5
Mazara,Nomar,2018,0.269,0.452,0.339,0.329,0.18,0.382,0.403,0.335,0.352,-0.011,-0.016,-0.015,90.5,5.3,28.2,32,8.5,6.4,23.1,17,42.3,2.7,43.1,62.8,17.1,32.2,38.9,61.1,149,383,54.4,1190,72.1,6.4,82.9,107,25.4,46.1,55.1,19.1,20.5,5.3,,,,,,,,,,,-8,-0.4,-1.1,0.2,-1.3,32,0,4.32,26.8,Nomar Mazara,0.5
Suzuki,Kurt,2018,0.27,0.413,0.328,0.335,0.141,0.34,0.331,0.303,0.306,0.001,0.031,0.007,87.2,18.2,33.2,12,3.9,6.8,28.7,33.5,23.2,3.9,34.5,73.3,10.4,33.8,30.3,69.7,69,228,50.7,674,86.6,7.3,89.6,50,16.8,53.3,36.5,29,24.8,9.7,24,2.08,2.07,2.1,6,1.65,1.63,1.68,0.81,80.3,,,,,,,0,4.65,25.6,Kurt Suzuki,0.6
Bruce,Jay,2018,0.248,0.439,0.336,0.334,0.19,0.327,0.385,0.29,0.325,-0.025,-0.069,-0.04,88.4,21.2,37.6,22,9,8.2,28.2,33.1,20.4,1.2,34.4,75.7,21.8,27.1,45.5,54.5,95,209,54.4,771,86,7.5,78.2,107,28.9,49.2,30.2,35.1,24.5,10.2,,,,,,,,,,,-4,1.4,-2.4,-0.7,-1.6,32.4,0,4.52,25.5,Jay Bruce,0.6
Mercer,Jordy,2018,0.274,0.399,0.318,0.337,0.123,0.342,0.372,0.319,0.35,-0.023,-0.018,-0.022,87.4,13,41.2,15,4.8,4.8,32.8,25.4,29.3,2.9,31.2,60.6,13.6,27.7,41.4,58.6,96,232,50,837,64.1,8.5,86.4,69,22.3,44.1,38.9,21.9,32.8,6.4,,,,,,,,,,,,,,,,,0,4.35,27.6,Jordy Mercer,0.6
Adrianza,Ehire,2018,0.243,0.363,0.287,0.294,0.118,0.353,0.342,0.329,0.32,0.008,0.016,0.007,84.7,14.4,34.4,13,5,6.2,25.1,29.3,27.4,6.9,30.6,69,12,25.8,39,61,69,177,48.7,687,82.6,7.7,88,60,19.1,48,40.2,25.1,27.4,7.3,,,,,,,,,,,,,,,,,0,4.35,26.9,Ehire Adrianza,0.6
Piscotty,Stephen,2018,0.266,0.488,0.354,0.331,0.219,0.4,0.404,0.334,0.334,0.001,0.003,-0.003,88.5,13.1,34.6,42,9.6,7.1,20.8,23.6,36.2,2.7,38.7,72.4,15.6,34.2,45.6,54.4,169,371,50.3,1084,79.9,7.4,84.4,121,25.5,53.2,45.3,24.9,24.7,5,,,,,,,,,,,-1,-0.8,-0.4,0.6,-0.6,32.9,0,4.42,26.7,Stephen Piscotty,0.6
Nunez,Renato,2018,0.227,0.372,0.296,0.296,0.142,0.387,0.348,0.347,0.308,0.031,0.047,0.026,88.9,16,28.4,15,8.5,4,18.8,33,33,2.8,36.4,67.7,23.4,32.9,47.4,52.6,82,173,50.7,526,80,7.2,76.6,81,31.4,50,38.6,24.4,22.7,14.2,,,,,,,,,,,,,,,,,0,4.48,27.3,Renato Nunez,0.6
Wendle,Joey,2018,0.263,0.372,0.306,0.325,0.107,0.381,0.338,0.364,0.325,0.037,0.063,0.032,88.4,10.3,31.8,11,2.7,5.2,29.8,24.6,35,2.7,35.2,61,11.4,33.9,35.2,64.8,126,358,53.4,1056,62.5,6.5,88.6,64,20.6,46.5,47.4,19.4,26.3,6.9,,,,,,,,,,,,,,,,,0,4.16,28.3,Joey Wendle,0.6
Ervin,Phillip,2018,0.234,0.365,0.3,0.311,0.129,0.375,0.352,0.34,0.32,0.018,0.039,0.015,85.4,16.2,37.7,7,4.3,4.9,29.6,28.4,25.9,6.8,34.6,67.2,23.7,24.8,37.3,62.7,44,118,48,476,75.6,8.3,76.3,82,27.2,46.8,37.7,24.7,27.8,9.9,,,,,,,,,,,-3,1,-0.6,-1.1,-0.8,33.4,3,4.27,28,Phillip Ervin,0.6
McMahon,Ryan,2018,0.217,0.333,0.281,0.297,0.114,0.396,0.37,0.356,0.339,0.015,0.043,0.015,88.9,7.1,34.7,6,5.1,7.6,26.3,17.8,38.1,5.1,44.1,70.4,25.6,31.4,52.1,47.9,61,117,47.9,373,91.7,9.3,74.4,73,33.7,51.5,46.6,20.3,31.4,1.7,,,,,,,,,,,,,,,,,0,4.53,25.9,Ryan McMahon,0.6
Votto,Joey,2018,0.29,0.481,0.395,0.424,0.189,0.374,0.412,0.353,0.363,-0.006,-0.062,-0.025,88.1,13.3,45.9,27,6.7,10.6,32.3,21.2,25.9,3.2,34.9,66.8,16.5,13.1,24.8,75.2,41,165,50.5,1262,83.8,7.9,83.5,136,17.9,39.7,38,26.7,34.3,1,,,,,,,,,,,,,,,,,0,4.72,25.4,Joey Votto,0.7
Moreland,Mitch,2018,0.251,0.482,0.353,0.334,0.229,0.377,0.418,0.322,0.337,-0.006,-0.049,-0.028,90.8,11.4,33.9,36,11.7,8.5,21.8,22.5,32.9,2.6,44.1,72.2,18.2,24.9,51.5,48.5,122,237,54.4,952,77.6,6.1,81.8,105,27.9,46.5,44,28,24.8,3.3,,,,,,,,,,,,,,,,,0,4.41,25.3,Mitch Moreland,0.7
Barnhart,Tucker,2018,0.239,0.354,0.301,0.321,0.11,0.331,0.322,0.311,0.302,0.009,0.018,0.006,85.9,11.7,35.7,13,3.5,4.9,28.4,23.2,35.1,4.9,30.3,69,13.6,24.2,37.3,62.7,93,249,52.6,1029,76.9,6.9,86.4,87,20.4,45.4,47.3,20.8,25.9,5.9,37,2.03,2.03,2.05,8,1.74,1.74,1.74,0.69,79,,,,,,,0,4.65,25,Tucker Barnhart,0.7
Hechavarria,Adeiny,2018,0.253,0.353,0.279,0.289,0.097,0.307,0.322,0.298,0.311,-0.006,-0.008,-0.011,86.6,13.4,34.8,6,2.4,6.1,26.3,29.1,32.8,3.2,33.2,73.5,13.9,37.5,36.1,63.9,75,208,50.2,555,84,7.3,86.1,56,21.4,55.4,39.3,25.5,28.7,6.5,,,,,,,,,,,,,,,,,0,4.43,27,Adeiny Hechavarria,0.7
Barnes,Austin,2018,0.198,0.27,0.272,0.322,0.07,0.32,0.306,0.308,0.299,0.006,0.019,0.008,86.3,4.4,28.4,5,3.7,1.5,20.9,20.1,46.3,7.5,31.5,50.3,14.3,18.6,35.7,64.3,30,84,45.4,452,72.1,8.6,85.7,39,19,35.6,56,15.7,20.9,7.5,9,2.11,2.1,2.12,0,,,,0.72,75.6,,,,,,,0,4.41,27.4,Austin Barnes,0.7
Cano,Robinson,2018,0.306,0.507,0.381,0.376,0.196,0.386,0.408,0.355,0.358,-0.003,-0.036,-0.017,93.1,8.3,37.4,23,8.7,4.5,27.5,18.5,39.2,1.5,51.7,68,11.1,30,32.3,67.7,65,201,53.4,669,77.9,6.9,88.9,44,18.2,47.7,48.7,21.1,26.4,3.8,,,,,,,,,,,,,,,,,0,4.59,24.5,Robinson Cano,0.8
Maldonado,Martin,2018,0.21,0.324,0.261,0.264,0.111,0.331,0.311,0.303,0.285,0.015,0.027,0.014,84.7,14.2,31.5,14,5,3.9,24.4,29,33,4.7,26.5,66.2,18.9,35,42.9,57.1,111,259,48.9,741,69.8,8.3,81.1,97,27.1,51,42.3,25.1,24,8.6,20,1.97,1.97,1.98,4,1.61,1.62,1.58,0.77,87.5,,,,,,,0,4.89,24,Martin Maldonado,0.8
Gomes,Yan,2018,0.253,0.454,0.324,0.302,0.2,0.425,0.423,0.373,0.357,0.013,-0.005,0.002,88.9,18.5,41.8,24,8.4,10.8,26.8,28.6,22.6,2.8,38.7,73.1,20,35.3,47.9,52.1,147,307,51.3,870,76.4,6.5,80,121,29.5,53.6,32.8,28.9,31,7.3,36,1.93,1.92,1.96,4,1.75,1.8,1.57,0.66,81.2,,,,,,,0,4.5,26.9,Yan Gomes,0.8
Grossman,Robbie,2018,0.247,0.344,0.313,0.347,0.095,0.35,0.321,0.34,0.31,0.026,0.04,0.02,86.8,14.5,34.4,7,2.2,6.3,26.3,30.6,33.1,1.6,28.3,62.3,8.6,16.8,43.1,56.9,69,160,51.1,953,72.7,7.1,91.4,49,16.4,39,39.1,26.6,26.3,8.1,,,,,,,,,,,-1,-0.3,-0.9,0,-1.1,32.1,1,4.27,27.8,Robbie Grossman,0.8
DeShields,Delino,2018,0.211,0.269,0.265,0.307,0.052,0.284,0.275,0.286,0.281,0.005,0.012,0.006,79.6,3.7,27.7,3,1.1,3,18.2,25,38.6,13.3,14,57.6,12.7,20.3,43,57,68,158,49.6,780,72.7,8.1,87.3,58,20.5,39,53.8,19.7,20.1,6.4,,,,,,,,,,,12,-1.4,1.1,0.6,0.3,34.4,74,4.03,30,Delino DeShields,0.8
Pinder,Chad,2018,0.265,0.508,0.363,0.338,0.24,0.418,0.464,0.367,0.376,-0.007,-0.072,-0.029,90.2,13.3,37.3,30,14.2,6.1,26.9,21.2,28.8,2.8,42.5,76.4,20.4,32.9,46.5,53.5,94,202,51,614,87.3,8.5,79.6,92,28.5,54.2,44.3,24.1,25.5,6.1,,,,,,,,,,,5,1.9,-0.1,-0.5,1.2,35.2,0,4.45,27.3,Chad Pinder,0.8
Engel,Adam,2018,0.22,0.308,0.253,0.264,0.085,0.348,0.323,0.336,0.314,0.015,0.028,0.017,84.8,12.5,27.6,8,2.6,5.8,21.8,29.2,31.5,9.1,32.1,68.7,22.9,36.7,47.4,52.6,147,310,49.9,845,76.4,8.7,77.1,133,31.4,52.7,42.9,22.1,23.4,11.7,,,,,,,,,,,16,-0.6,1.8,0.3,1.5,35.4,97,4.08,30.1,Adam Engel,0.8
Romine,Austin,2018,0.232,0.36,0.283,0.286,0.125,0.381,0.346,0.331,0.318,0.012,0.057,0.024,88,9.4,33.5,9,5,6.7,25.7,21.2,38.5,2.8,38,66.4,15.6,33.6,46.2,53.8,80,173,51.7,515,72.4,5.8,84.4,50,26.4,49.4,50.3,20.1,22.9,6.7,35,2.04,2.03,2.06,1,1.58,,1.58,0.8,84.5,,,,,,,0,4.49,26.4,Austin Romine,0.9
Inciarte,Ender,2018,0.254,0.34,0.294,0.318,0.081,0.32,0.301,0.307,0.298,0.011,0.04,0.015,83.6,10,32.9,8,1.5,3.5,27.6,26.6,35.1,5.8,18.7,68.9,9.9,30,25.6,74.4,94,367,50.7,1224,76.8,7.3,90.1,81,14.7,49.2,46.8,21.8,26,5.4,,,,,,,,,,,21,2.4,1.4,-0.9,2.9,37.3,0,4.12,27.9,Ender Inciarte,0.9
Gregorius,Didi,2018,0.262,0.402,0.319,0.331,0.137,0.364,0.325,0.304,0.3,0.006,0.092,0.031,86.5,15.6,32.8,21,4.7,5.6,24.3,31,29.9,4.5,30.6,74.6,12.7,32.7,32.4,67.6,122,376,55.2,1149,76.9,6.2,87.3,88,19.6,51.4,40,25.8,22.2,11.9,,,,,,,,,,,,,,,,,0,4.24,28,Didi Gregorius,0.9
Pollock,A.J.,2018,0.255,0.468,0.336,0.316,0.211,0.402,0.399,0.331,0.331,0.002,0.016,0.002,89,13.2,31.5,32,10,5.9,21.5,27.1,34.6,0.9,40.6,66.7,11.4,28.8,53.9,46.1,132,245,49.6,850,69.7,8.5,88.6,66,24.1,48,42.4,29,22.7,5.9,,,,,,,,,,,7,-1.3,0.2,0.4,-0.8,33.5,0,4.34,28.2,A.J. Pollock,0.9
Gamel,Ben,2018,0.256,0.352,0.313,0.345,0.093,0.359,0.344,0.355,0.335,0.016,0.018,0.01,88.7,7.2,36,6,3,3.6,32,20.3,39.6,1.5,33.5,59.8,13,22.8,40.7,59.3,57,140,51.4,613,74.4,7.6,87,45,21,40.7,48.7,17.3,32,2,,,,,,,,,,,-2,-0.6,-0.5,0.2,-0.8,32.8,2,4.2,28.3,Ben Gamel,0.9
Cave,Jake,2018,0.257,0.482,0.34,0.31,0.223,0.48,0.492,0.408,0.403,0.008,-0.009,-0.007,88.4,10,41.4,27,14.5,6.5,26.9,13.4,34.9,3.8,38.2,66.5,21.3,31.6,50.3,49.7,99,197,50,623,75.6,6.9,78.7,88,30.6,49,45.2,23.7,30.6,0.5,,,,,,,,,,,-1,0.3,0.3,-0.2,0.5,34.3,0,4.28,27.8,Jake Cave,0.9
Sandoval,Pablo,2018,0.235,0.387,0.303,0.3,0.147,0.362,0.349,0.318,0.306,0.013,0.03,0.009,89.6,9.3,32.4,9,5,5.6,23.5,22.9,41.3,1.7,36.9,63.9,15.9,35.5,30,70,63,210,56.1,592,69.1,6.4,84.1,47,21.7,47.9,50.3,17.9,24,7.8,,,,,,,,,,,,,,,,,0,4.56,25,Pablo Sandoval,1
Reddick,Josh,2018,0.242,0.365,0.3,0.318,0.121,0.33,0.315,0.293,0.293,0,0.035,0.012,85.2,18.1,32,14,3.9,5,25.6,34.8,27.9,2.8,26.5,65.1,10.7,27.3,30.7,69.3,87,283,54.5,1035,67.7,7,89.3,60,17.4,44.5,39,27.9,21.7,11.4,,,,,,,,,,,7,0.7,0.3,0.8,1.7,35.2,0,4.24,27.7,Josh Reddick,1
Sanchez,Yolmer,2018,0.24,0.346,0.289,0.304,0.104,0.336,0.325,0.312,0.309,0.002,0.026,0.008,85.6,8.5,35.1,14,3,4.5,26.3,21.6,40.3,4.3,27.8,64.1,15.2,31.1,35,65,143,409,50.2,1316,72.6,7.2,84.8,127,21.7,47.5,51.2,17.1,25.9,5.8,,,,,,,,,,,,,,,,,0,4.25,28.1,Yolmer Sanchez,1
Dickerson,Corey,2018,0.287,0.454,0.332,0.321,0.164,0.387,0.376,0.353,0.341,0.013,0.02,0.009,87.8,14.8,37.6,26,6.1,5.6,29.2,27.6,28.7,2.6,31.7,79.1,18.2,41.5,28.5,71.5,124,435,52.8,1047,83.2,7.2,81.8,135,22,59.3,38.3,22.9,30.6,8.2,,,,,,,,,,,10,1.2,0.8,0.2,2.2,36.3,0,4.22,27.8,Corey Dickerson,1
Winker,Jesse,2018,0.279,0.455,0.367,0.389,0.172,0.372,0.374,0.356,0.333,0.02,-0.024,-0.001,90.2,13.2,33.3,15,6.3,8,23.6,25.7,33.3,3,42.2,64.5,10.1,17.6,33.9,66.1,38,112,50.9,637,75,8.6,89.9,40,15.4,40.8,43.5,23.6,26.2,6.8,,,,,,,,,,,-5,0.2,-2.3,-0.4,-2.5,30.5,0,4.51,26,Jesse Winker,1
Reyes,Franmil,2018,0.251,0.448,0.331,0.314,0.194,0.475,0.43,0.403,0.362,0.029,0.05,0.029,92.3,6.8,28.7,21,11.6,5.5,23.2,18.8,39.2,1.7,47.5,68.7,21.3,27.2,54.1,45.9,92,170,53.9,624,75,6.2,78.7,78,31.6,46.4,50.3,22.1,22.1,5.5,,,,,,,,,,,-4,-1,-2.6,0,-3.5,29.7,0,4.54,26.8,Franmil Reyes,1
McCann,Brian,2018,0.222,0.333,0.289,0.31,0.109,0.294,0.298,0.265,0.278,-0.01,0.006,-0.003,86,23.1,36.4,5,3.3,5.3,26.5,42.4,20.5,2,25.8,57.1,15.1,25.8,34.2,65.8,38,111,51.4,430,67.2,8,84.9,35,21.3,41,30.5,25.8,25.8,17.9,16,2.08,2.08,2.08,1,1.65,1.65,,0.77,77.2,,,,,,,0,4.98,22.7,Brian McCann,1.1
Dietrich,Derek,2018,0.238,0.383,0.303,0.306,0.143,0.403,0.368,0.366,0.329,0.027,0.038,0.024,87.4,15.7,34.1,22,6.1,5.5,25.8,28,30.5,4.2,37.8,70.5,17.5,31.7,41.9,58.1,149,356,51.9,1122,81.1,7.8,82.5,128,25.4,50.4,42.7,24.1,23.8,9.4,,,,,,,,,,,-11,-0.4,-2.4,-0.5,-3.3,30.1,0,4.32,26.8,Derek Dietrich,1.1
Flores,Wilmer,2018,0.255,0.372,0.301,0.311,0.113,0.319,0.299,0.292,0.281,0.012,0.045,0.015,86.4,17,33.1,10,2.8,5.4,25.2,34.8,28.9,2.8,26.8,66.8,11.1,28.6,20.2,79.8,46,228,50,797,75,7,88.9,59,13.8,47.6,36.8,26.3,24.6,12.2,,,,,,,,,,,,,,,,,0,4.57,25.7,Wilmer Flores,1.1
Hicks,Aaron,2018,0.266,0.466,0.372,0.384,0.197,0.385,0.405,0.317,0.345,-0.018,0.001,-0.012,88.9,12.5,34.2,33,8.8,7.2,22.5,25.7,32.4,3.4,43,64.6,20,18,33.9,66.1,81,239,53.6,1331,79.9,6.6,80,149,23.4,39.6,41.4,26,24.4,8.2,,,,,,,,,,,-4,-1.1,-1.2,0.5,-1.9,32.4,8,4.17,28.1,Aaron Hicks,1.1
Kipnis,Jason,2018,0.237,0.395,0.315,0.323,0.154,0.33,0.34,0.29,0.301,-0.007,-0.006,-0.006,86.1,17,34.6,28,6.6,5,25.4,33.6,25.1,4.3,31.3,61,13.7,25.6,36.9,63.1,117,317,51.9,1238,69.4,8.2,86.3,96,20.9,42.7,34.8,28.7,27.3,9.2,,,,,,,,,,,0,,,,,,0,4.38,26.9,Jason Kipnis,1.1
Marisnick,Jake,2018,0.209,0.37,0.278,0.273,0.158,0.421,0.4,0.346,0.343,0.002,0.029,0.012,84.9,17.6,35.1,11,8.4,10.7,16.8,28.2,27.5,8.4,31.3,71.2,26,32.3,53.8,46.2,78,145,50.6,449,85.9,7.2,74,81,34.7,51.5,35.9,31.3,22.9,9.9,,,,,,,,,,,13,-0.3,1.7,0.4,1.7,35.6,13,4.24,29.2,Jake Marisnick,1.1
Haniger,Mitch,2018,0.281,0.501,0.371,0.365,0.218,0.431,0.438,0.374,0.372,0.004,-0.008,-0.004,90.2,12.7,36.5,47,10.3,5.5,25.3,24.4,31.6,2.9,43,61.2,17,22.4,40.8,59.2,124,304,50,1357,67.7,8.1,83,141,23.3,41.8,43.3,24.2,26.2,6.4,,,,,,,,,,,-6,-0.1,-0.5,0.4,-0.1,33.8,0,4.38,27.8,Mitch Haniger,1.1
Diaz,Aledmys,2018,0.278,0.462,0.336,0.319,0.181,0.351,0.37,0.305,0.325,-0.015,-0.009,-0.015,89.1,13.7,32.7,27,7.4,7.1,22.5,28.3,33.5,1.1,39.3,78.1,14.1,36.6,41.2,58.8,110,267,49.5,730,82.3,7.7,85.9,82,22.6,57.6,41.2,26.1,23.9,8.8,,,,,,,,,,,,,,,,,0,4.3,27.9,Aledmys Diaz,1.1
Molina,Yadier,2018,0.269,0.44,0.333,0.324,0.166,0.341,0.353,0.301,0.313,-0.008,-0.004,-0.01,88.1,15.4,37.6,22,5.5,7,26.8,27.8,28.8,4,33.6,70.4,13.3,35.3,25.1,74.9,88,351,50.6,994,73.8,6.6,86.7,91,17.3,52.6,40.4,25.8,27.1,6.8,14,2.05,2.04,2.05,0,,,,0.74,81.9,,,,,,,0,4.91,22.9,Yadier Molina,1.2
Martin,Russell,2018,0.204,0.332,0.311,0.347,0.123,0.308,0.318,0.271,0.285,-0.01,-0.007,-0.006,90.6,10.1,22.7,13,6.3,7.2,19.8,23.7,41.1,1.9,43,57.5,21.1,10.2,50,50,37,74,49.1,723,73.6,7.5,78.9,91,25.3,34.3,52.2,19.8,16.9,11.1,39,2.01,1.99,2.08,4,1.59,1.57,1.61,0.75,83.1,,,,,,,0,4.76,25.6,Russell Martin,1.2
Joyce,Matt,2018,0.229,0.408,0.329,0.343,0.177,0.315,0.362,0.276,0.308,-0.021,-0.055,-0.03,87.1,14.4,38.2,11,7,9.6,24.2,26.1,29.9,3.2,31.8,73.2,21.4,22.5,37.5,62.5,45,120,53.4,533,87.8,8.2,78.6,73,25.6,46.1,36.9,24.8,30.6,7.6,,,,,,,,,,,1,1.7,-0.2,-0.2,1.3,35.6,0,4.58,26.1,Matt Joyce,1.2
Hernandez,Enrique,2018,0.256,0.438,0.334,0.338,0.179,0.374,0.363,0.313,0.315,0,0.032,0.008,88.3,15.5,29.7,25,7.5,4.5,25.8,31.2,27.6,3.3,36.7,65.9,14.6,22.8,39.4,60.6,85,216,52,947,77.8,7.9,85.4,84,21.2,43.2,40.2,26.1,21.9,11.7,,,,,,,,,,,6,4.4,-0.2,-2.2,1.9,36,0,4.35,27.8,Enrique Hernandez,1.2
Carpenter,Matt,2018,0.271,0.546,0.392,0.388,0.273,0.45,0.477,0.354,0.376,-0.014,-0.023,-0.017,89.6,20.4,44.4,56,13.7,11.5,25.1,30,15.6,4.1,44.7,57.3,15.1,18.4,51.3,48.7,139,271,51.7,1472,72.9,7,84.9,119,24.4,37.1,28.3,37.8,28.5,5.4,,,,,,,,,,,,,,,,,0,4.4,26.5,Matt Carpenter,1.2
Rosario,Eddie,2018,0.247,0.428,0.303,0.285,0.178,0.398,0.351,0.352,0.303,0.041,0.051,0.037,87.3,17.4,33,38,8.3,5.9,22.3,32.3,27.3,3.9,33.9,77.3,18.8,41.6,30.4,69.6,144,474,55.2,1140,79.7,6.2,81.2,134,23.4,57.6,37.8,28.2,23.4,10.7,,,,,,,,,,,-2,0,0.2,0.5,0.7,34.3,4,4.19,28,Eddie Rosario,1.2
Hernandez,Teoscar,2018,0.235,0.498,0.34,0.3,0.26,0.447,0.467,0.361,0.358,0.004,-0.03,-0.012,91.8,17,34.8,49,15.5,8.5,17.7,28.5,26.9,2.8,45.9,72.1,29.6,28.2,60,40,183,305,51.4,1083,77.7,7.4,70.4,219,38.5,49.5,38,31,23.1,7.9,,,,,,,,,,,-7,0.9,-0.3,-0.7,-0.1,33.1,2,4.28,28.6,Teoscar Hernandez,1.2
Puig,Yasiel,2018,0.278,0.473,0.349,0.339,0.192,0.406,0.405,0.338,0.353,-0.01,0.023,0.001,89.4,12.4,34.1,34,10.6,5,23.4,23.4,31.9,5.6,40.7,70.5,14.6,27,47.3,52.7,115,243,52.3,899,79,6.9,85.4,84,24.1,47.8,42.5,20.6,28.1,8.8,,,,,,,,,,,-5,-2,-1.8,1.1,-2.7,30.6,4,4.33,28.3,Yasiel Puig,1.2
Gordon,Alex,2018,0.258,0.435,0.334,0.336,0.174,0.347,0.39,0.324,0.341,-0.012,-0.065,-0.029,88.5,10.9,36.6,26,6.8,6.5,27.2,21.7,33.9,3.9,39.4,65.1,14.6,28.1,44.8,55.2,141,315,51.2,1120,75.3,7,85.4,101,24,46.1,44.4,21.4,28.7,5.5,,,,,,,,,,,2,-0.9,-1,0.6,-1.3,31.9,0,4.57,25.5,Alex Gordon,1.3
Avila,Alex,2018,0.188,0.379,0.307,0.319,0.19,0.362,0.438,0.302,0.345,-0.023,-0.075,-0.034,89.7,8.6,34.9,13,12.3,7.5,24.5,17,35.8,2.8,45.3,56.4,30.8,12.8,61.3,38.7,38,62,48.9,486,67.1,7.7,69.2,88,36.3,35.2,50.9,22.6,25.5,0.9,15,1.98,1.99,1.97,1,1.63,,1.63,0.73,81.1,,,,,,,0,4.94,23.8,Alex Avila,1.3
Dyson,Jarrod,2018,0.243,0.317,0.289,0.329,0.068,0.228,0.288,0.225,0.29,-0.054,-0.06,-0.044,81.1,7.3,28.4,3,1.7,0,23.3,27.3,35.8,11.9,19.3,57,12.8,20.7,29.1,70.9,25,86,48,416,75.9,9.6,87.2,33,16.9,39.6,51.7,18.2,20.5,9.7,,,,,,,,,,,3,1.1,3,-0.7,3.4,37.6,27,4.06,29,Jarrod Dyson,1.3
Castro,Starlin,2018,0.262,0.407,0.314,0.316,0.142,0.362,0.361,0.347,0.329,0.016,-0.007,0.002,88.5,8.4,32,33,6.9,4.2,25.7,20,40.8,2.3,36.2,64.9,14.2,27.4,42.8,57.2,142,332,50.4,1212,72,7.6,85.8,110,22.8,46,51.6,18.7,24.8,4.8,,,,,,,,,,,,,,,,,2,4.38,27.4,Starlin Castro,1.3
Garcia,Leury,2018,0.271,0.363,0.291,0.303,0.088,0.377,0.372,0.368,0.368,0,0.013,0.004,85.7,5.3,34,5,2.6,4.6,29.4,16.5,40.7,6.2,31.6,74.9,17.8,39.5,48.7,51.3,93,191,51.3,483,82.5,8.5,82.2,61,28.8,56.8,52.1,12.9,32,3.1,,,,,,,,,,,-1,-0.4,0.6,0.4,0.7,34.3,9,4.08,28.6,Leury Garcia,1.3
Schoop,Jonathan,2018,0.228,0.352,0.267,0.263,0.122,0.358,0.327,0.304,0.299,0.005,0.064,0.023,86.1,11.2,30.9,18,5,4.7,21.2,26.4,38,4.7,30.6,77.4,18,39,46.1,53.9,170,369,53.6,947,81.4,6.4,82,114,28.3,56.8,46.3,20.1,22.6,11,,,,,,,,,,,,,,,,,0,4.48,27.5,Jonathan Schoop,1.3
Holt,Brock,2018,0.284,0.402,0.339,0.369,0.116,0.378,0.378,0.356,0.365,-0.007,0.009,0,87.5,6.3,33.2,9,3.6,2.4,34,18,39.2,2.8,30.8,54.7,11,19.7,32.9,67.1,47,143,49.3,725,64.7,8.1,89,45,16.7,37.5,51.6,17.6,27.2,3.6,,,,,,,,,,,,,,,,,0,4.39,26.3,Brock Holt,1.3
Alfaro,Jorge,2018,0.233,0.405,0.3,0.297,0.17,0.473,0.449,0.435,0.387,0.029,0.002,0.014,91.7,8.3,35.3,22,10.6,6.3,27.5,19.3,33.8,2.4,44.2,78.3,30.9,43.3,63.5,36.5,181,285,49.4,658,92.8,6.2,69.1,163,42.3,61.1,48.8,23.2,25.1,2.9,46,1.94,1.96,1.9,1,1.49,1.49,,0.73,90.8,,,,,,,0,4.35,28.2,Jorge Alfaro,1.3
Profar,Jurickson,2018,0.257,0.397,0.325,0.339,0.137,0.357,0.335,0.302,0.307,-0.003,0.061,0.016,87.3,12.3,33.6,22,5,4.3,25,26.6,35.5,3.6,31.8,67.9,14,30.2,28.5,71.5,104,365,51.7,1209,77,6.5,86,107,18.7,48.4,44.5,21.6,25.7,8.2,,,,,,,,,,,,,,,,,0,4.3,27.6,Jurickson Profar,1.3
Nimmo,Brandon,2018,0.241,0.398,0.352,0.386,0.152,0.463,0.402,0.389,0.356,0.022,0.085,0.033,89.5,10.5,33.4,19,6.5,7.2,24.6,21.8,37.2,2.7,42.1,62.2,20.5,15.9,50.8,49.2,91,179,49.7,1124,80.2,7.6,79.5,145,26.6,39.2,46.1,21.2,24.2,8.5,,,,,,,,,,,5,-0.7,0.6,0,-0.1,33.4,5,4.23,28.5,Brandon Nimmo,1.3
Andrus,Elvis,2018,0.239,0.351,0.286,0.294,0.108,0.318,0.304,0.305,0.286,0.017,0.016,0.01,87.2,8.8,30.8,14,4.2,4.2,22.7,24.2,43.8,0.9,30.5,64.9,12.5,33,35.3,64.7,96,272,50.7,825,69.9,6.9,87.5,65,20.3,48.7,50.5,20.2,22.4,6.9,,,,,,,,,,,,,,,,,0,4.38,27.1,Elvis Andrus,1.4
Ramos,Wilson,2018,0.266,0.457,0.334,0.322,0.188,0.424,0.387,0.385,0.336,0.04,0.03,0.028,91.3,4.4,34.2,23,7.6,7.9,25.3,15.1,41.8,2.3,47.2,77.2,16.3,34.3,40.4,59.6,110,272,53.7,794,87.6,6.6,83.7,86,24.4,54.2,55.3,17.4,24,3.3,15,1.99,2.01,1.94,7,1.6,1.61,1.56,0.71,82.3,,,,,,,0,4.93,22.8,Wilson Ramos,1.4
Gonzalez,Marwin,2018,0.243,0.411,0.318,0.32,0.167,0.373,0.374,0.332,0.327,0.004,-0.002,0,87.4,10,35.7,25,6.8,8.9,25.4,23.5,29.5,5.9,41.5,60.5,16.2,29.2,39.9,60.1,139,348,54,1193,66.7,6.2,83.8,100,24.8,43.5,43.5,23.5,27.3,5.7,,,,,,,,,,,2,2.8,-0.7,-1.8,0.4,32.9,0,4.4,26.4,Marwin Gonzalez,1.4
Galvis,Freddy,2018,0.227,0.35,0.278,0.283,0.12,0.349,0.327,0.323,0.3,0.021,0.03,0.016,87.5,13.2,32.9,18,3.9,6.1,24.5,30.7,31.2,3.7,28.5,67.4,20.2,34.8,37.8,62.2,179,473,53.7,1359,72.2,6.7,79.8,159,26.4,50,42.6,25.5,26,5.8,,,,,,,,,,,,,,,,,0,4.34,26.8,Freddy Galvis,1.4
Garcia,Greg,2018,0.226,0.325,0.292,0.319,0.094,0.28,0.302,0.274,0.287,-0.005,-0.021,-0.016,81.9,9.9,31.3,4,2.7,5.4,23.1,21.1,36.1,11.6,25.2,61.4,12.4,18,39.4,60.6,26,66,45.8,367,76.8,8.6,87.6,33,17.7,41.5,48.3,22.4,21.8,7.5,,,,,,,,,,,,,,,,,2,4.23,27.3,Greg Garcia,1.4
Hedges,Austin,2018,0.207,0.354,0.264,0.26,0.145,0.394,0.337,0.327,0.294,0.024,0.075,0.038,85.4,15.8,30.8,14,6.5,6.5,22.9,32.2,23.8,7.9,29.9,65.2,18.8,33.1,45.8,54.2,99,216,50.3,653,75.6,6.6,81.2,79,28,49,39.3,25.7,22,13.1,24,1.94,1.95,1.92,6,1.52,1.53,1.51,0.7,83.1,,,,,,,0,4.66,25.9,Austin Hedges,1.4
Bradley Jr.,Jackie,2018,0.265,0.463,0.346,0.341,0.197,0.374,0.43,0.326,0.369,-0.031,-0.06,-0.036,91.9,12,35.2,35,10.3,8.2,24.6,22.3,32.8,1.8,50.1,69.5,26,23.2,46.3,53.7,113,244,48.6,1053,79.1,6.8,74,201,30.8,47,43.7,24.9,25.5,5.9,,,,,,,,,,,12,2.7,0.9,-2.3,1.4,35.8,0,4.26,27.8,Jackie Bradley Jr.,1.4
Caratini,Victor,2018,0.237,0.344,0.287,0.299,0.103,0.299,0.326,0.3,0.308,-0.005,-0.04,-0.019,87.8,5.9,29.6,5,3.5,5.6,22.5,19,46.5,2.8,37.3,63.5,11.7,24.9,51.1,48.9,48,94,47.5,377,78.3,7.6,88.3,31,22,45.2,54.2,15.5,24.6,5.6,14,2.08,2.07,2.15,4,1.69,1.7,1.65,0.81,81,,,,,,,0,4.61,25.7,Victor Caratini,1.4
Dahl,David,2018,0.262,0.454,0.324,0.314,0.189,0.461,0.413,0.372,0.356,0.011,0.08,0.034,88.7,13.9,35,17,9.3,7.7,26.8,25.1,29,2.2,38.8,76.8,22.9,35.9,45.7,54.3,84,184,51.8,513,88.2,6.9,77.1,84,30.5,55.5,39.3,28.4,26.2,6,,,,,,,,,,,-2,-0.8,0.7,0.3,0.2,33.7,5,4.17,28.6,David Dahl,1.4
Fowler,Dexter,2018,0.209,0.305,0.277,0.305,0.094,0.269,0.295,0.239,0.279,-0.029,-0.007,-0.016,85.3,12.6,30.7,7,3.2,6,24.3,29.4,31.7,5.5,28,64.3,19.1,20.9,46.9,53.1,69,147,51.4,705,78.9,6.6,80.9,82,26.3,42,42.2,28,23.9,6,,,,,,,,,,,-5,-1.2,-1.6,0,-2.8,30.3,1,4.33,27.4,Dexter Fowler,1.5
Cain,Lorenzo,2018,0.289,0.392,0.342,0.379,0.1,0.376,0.353,0.371,0.348,0.019,0.025,0.017,89.1,4.9,30.9,15,3.4,4,28,17.9,43.4,3.4,40.5,63.9,11.9,21,35.7,64.3,92,258,50.2,1231,75.6,7,88.1,93,17.8,42.3,54.6,16.1,25.3,4,,,,,,,,,,,22,0.7,0.7,-0.2,1.2,35.5,18,4.18,28.6,Lorenzo Cain,1.5
McCutchen,Andrew,2018,0.263,0.446,0.361,0.376,0.181,0.38,0.401,0.336,0.349,-0.008,-0.022,-0.014,90.1,13.4,36.4,36,8.4,7.9,24.8,24.6,32.3,2.1,41.9,62.1,18.7,15.9,38.7,61.3,86,222,48.3,1395,76,7.7,81.3,173,22.5,39.8,42.2,23.9,28.5,5.3,,,,,,,,,,,-10,-1.9,-0.7,1.2,-1.4,32,13,4.32,28.7,Andrew McCutchen,1.5
Kiermaier,Kevin,2018,0.218,0.317,0.271,0.287,0.095,0.338,0.322,0.296,0.304,-0.001,0.053,0.011,84.5,6.2,26.1,11,4.5,2.9,21.6,23.3,38,9.8,29,71.6,22.2,31.2,47.1,52.9,107,227,53.6,727,80.4,6.8,77.8,100,30.5,50,51,19.6,21.2,8.2,,,,,,,,,,,7,0.3,1.1,0.1,1.5,36,11,4.07,28.9,Kevin Kiermaier,1.5
Pillar,Kevin,2018,0.28,0.432,0.32,0.31,0.15,0.35,0.373,0.307,0.343,-0.028,-0.006,-0.018,87.1,16.5,39.3,24,5.7,9,27.4,27.1,25.7,5,36.4,66.8,12.8,41.7,36.7,63.3,154,420,51.6,1008,76.7,6.6,87.2,81,22.4,53.8,36.7,23.1,29.5,10.7,,,,,,,,,,,1,-0.2,-0.4,0.6,0,34.3,2,4.34,27.8,Kevin Pillar,1.5
Swanson,Dansby,2018,0.229,0.359,0.278,0.296,0.127,0.358,0.336,0.318,0.307,0.009,0.036,0.015,86.8,12.9,32.1,15,4.1,5.2,24.4,28.2,32.9,5.2,34,69.6,17.3,30.7,43.4,56.6,145,334,50.7,1087,78.7,7.6,82.7,127,25.5,49.9,44.1,21.4,25.2,9.3,,,,,,,,,,,,,,,,,35,4.09,29.4,Dansby Swanson,1.5
Bote,David,2018,0.259,0.45,0.353,0.344,0.189,0.396,0.461,0.346,0.388,-0.02,-0.042,-0.039,93.5,3.5,27.6,14,11,4.7,26,10.2,48,0,53.2,64.4,23.3,29.8,54.4,45.6,68,125,51.3,420,64.6,7.9,76.7,60,33.4,46.7,57.5,15.7,23.6,3.1,,,,,,,,,,,,,,,,,0,4.31,27.7,David Bote,1.5
Maybin,Cameron,2018,0.259,0.374,0.314,0.335,0.112,0.319,0.346,0.316,0.33,-0.01,-0.038,-0.019,86.4,7.5,34.6,11,4.1,5.6,25.7,21.9,37.9,4.8,33.1,60.6,12.9,21.3,44,56,70,159,49.3,745,75.5,7.3,87.1,60,20.8,41.2,49.8,18.2,26,5.9,,,,,,,,,,,2,0,-0.5,0.4,-0.2,33.8,5,4.24,28.5,Cameron Maybin,1.6
Iglesias,Jose,2018,0.254,0.337,0.28,0.297,0.08,0.313,0.285,0.3,0.284,0.015,0.052,0.024,84.3,11.9,31.5,5,1.3,3.3,25.9,27.4,34.4,7.7,22.3,60.9,7.3,38.9,21.9,78.1,73,334,50.8,858,65.5,6.9,92.7,37,13.1,49.7,44.1,16.9,28.5,10.5,,,,,,,,,,,,,,,,,4,4.16,28,Jose Iglesias,1.6
Margot,Manuel,2018,0.255,0.371,0.294,0.305,0.113,0.321,0.329,0.295,0.313,-0.01,0.013,-0.006,88.7,11.4,34,13,3.3,8.3,21.2,28.5,35.3,3.5,36.7,64.9,15.2,24.3,38.1,61.9,80,210,46.2,865,77.7,8.4,84.8,99,21.3,45.9,43.6,20.2,26.4,9.8,,,,,,,,,,,13,1.5,1.5,-1,2,36.2,32,4.19,29.4,Manuel Margot,1.6
Reyes,Victor,2018,0.24,0.328,0.256,0.258,0.082,0.278,0.314,0.281,0.307,-0.018,-0.04,-0.027,84,6,31.5,5,3,3.6,29.2,15.5,39.9,8.9,26.2,72.3,20.6,44,24.9,75.1,43,173,48.2,393,80,9.8,79.4,63,22.1,58.6,52.4,13.7,28,6,,,,,,,,,,,-1,-0.8,-0.8,-0.2,-1.8,32.5,17,4.2,29.2,Victor Reyes,1.6
Choo,Shin-Soo,2018,0.251,0.464,0.361,0.366,0.21,0.409,0.418,0.365,0.347,0.013,-0.03,-0.005,89,6.1,35.9,45,11.1,6.9,25.1,15.2,38.1,3.7,40,60.5,21.1,21.7,41.9,58.1,130,310,51.6,1429,65.5,7,78.9,171,27,40.5,51.1,20.6,26.3,2,,,,,,,,,,,-5,-1.1,-1.1,0.7,-1.5,32.1,1,4.43,26,Shin-Soo Choo,1.7
Peralta,David,2018,0.279,0.473,0.35,0.34,0.191,0.437,0.412,0.374,0.359,0.014,0.043,0.018,91.5,6.7,32.9,34,7.8,8.4,24.7,17.4,39.3,2.5,45.7,67.1,17.3,28.5,39.4,60.6,126,320,49.5,1124,75.7,7.4,82.7,133,23.7,48,51.1,18.5,25.3,5,,,,,,,,,,,0,0.1,-0.6,0.1,-0.4,33.4,0,4.35,27.2,David Peralta,1.7
Hernandez,Cesar,2018,0.252,0.361,0.321,0.356,0.105,0.352,0.352,0.338,0.337,0.001,0.001,-0.001,84.2,9.4,30,19,4.2,2.9,27.1,23.8,35.2,6.8,28,57.4,13.6,17.8,42.3,57.7,113,267,50,1504,65,7.9,86.4,117,20.4,37.6,49.1,23.1,22.5,5.3,,,,,,,,,,,,,,,,,70,4.13,29.1,Cesar Hernandez,1.7
Dozier,Brian,2018,0.21,0.353,0.292,0.302,0.14,0.329,0.311,0.277,0.273,0.005,0.038,0.012,86.7,17.8,31,27,6.3,6.8,21,33.8,28.7,3.5,29,57.2,16.8,23.2,35.2,64.8,111,315,52.5,1360,59.9,7.4,83.2,118,22.8,39.6,40.8,28.2,19.8,11.2,,,,,,,,,,,,,,,,,0,4.44,26.8,Brian Dozier,1.7
Simmons,Andrelton,2018,0.288,0.403,0.324,0.336,0.112,0.327,0.324,0.315,0.313,0.004,0.014,0.002,87.8,7.7,28.5,21,4.1,4.1,26.2,22.3,40.7,2.7,36.3,66.5,10.2,23.5,23.8,76.2,55,231,49.9,985,78.2,8.4,89.8,67,13.7,45.2,51,16.5,23.4,9.1,,,,,,,,,,,,,,,,,0,4.48,27.1,Andrelton Simmons,1.7
Taylor,Chris,2018,0.247,0.417,0.327,0.328,0.168,0.436,0.423,0.376,0.37,0.007,0.027,0.008,88.6,16.4,40.6,31,8.6,7.5,28.5,26,26.8,2.8,38.5,69.6,25.6,23.4,51.3,48.7,140,273,48.2,1166,81.3,8,74.4,224,31.6,47.4,34.8,26.2,32.3,6.6,,,,,,,,,,,2,-0.3,1,0.5,1.2,35.4,3,4.23,28.7,Chris Taylor,1.7
Pence,Hunter,2018,0.231,0.342,0.267,0.266,0.107,0.314,0.332,0.298,0.309,-0.005,-0.01,-0.012,88,5.7,28.1,9,5.1,5.6,19.7,22.5,44.9,2.2,33.1,74.3,21.8,33.9,49.7,50.3,85,171,52.5,505,77.1,7.3,78.2,74,31.3,53.1,51.1,18,23.6,7.3,,,,,,,,,,,-1,-0.8,-1.3,0.3,-1.8,32.2,0,4.22,28.2,Hunter Pence,1.8
Posey,Buster,2018,0.279,0.426,0.341,0.355,0.143,0.328,0.348,0.326,0.32,0.005,-0.044,-0.015,89.1,10.3,35.2,18,5.2,5.8,28.2,22.5,36.9,1.4,34.9,64.7,9.7,24.9,22.8,77.2,49,215,51.5,864,69.8,6.9,90.3,51,13.5,44.2,46.4,21,28.8,3.7,30,2.01,2.01,2.01,4,1.56,1.56,,0.75,82.5,,,,,,,0,4.7,24.8,Buster Posey,1.8
Garcia,Avisail,2018,0.254,0.466,0.329,0.302,0.209,0.391,0.428,0.324,0.356,-0.018,-0.028,-0.025,90.3,9.6,26.6,30,11.6,8.5,17.8,19.7,37.8,4.6,43.2,80.2,22.2,40.1,53.9,46.1,165,306,54,763,84.7,6.9,77.8,116,33.9,58.6,48.6,24.7,20.5,6.2,,,,,,,,,,,4,-0.5,-0.7,0.2,-1,32.8,19,4.35,28.9,Avisail Garcia,1.8
Narvaez,Omar,2018,0.256,0.373,0.322,0.349,0.112,0.39,0.353,0.358,0.334,0.019,0.056,0.026,85.1,13,43.8,6,2.8,7.4,31.3,22.6,32.3,3.7,24.4,63.1,14.8,20.1,30.2,69.8,38,126,47.7,626,77.5,7.8,85.2,64,18.3,42.6,42.9,20.3,31.3,5.5,38,2.03,2.02,2.05,8,1.62,1.62,1.63,0.72,80.5,,,,,,,0,4.69,25.2,Omar Narvaez,1.8
Ohtani,Shohei,2018,0.276,0.545,0.383,0.354,0.267,0.517,0.506,0.413,0.403,0.009,0.019,0.007,92.6,12.3,35.6,36,16,8,22.2,19.1,32,2.7,50.2,65.2,25.1,27.8,43.1,56.9,91,211,52.1,758,79.2,6.9,74.9,114,30.8,45.8,44,24,27.6,4.4,,,,,,,,,,,,,,,,,1,4.07,28.4,Shohei Ohtani,1.8
Bader,Harrison,2018,0.234,0.367,0.295,0.308,0.129,0.428,0.377,0.388,0.344,0.03,0.055,0.032,86,12.5,34.6,18,6.9,6.2,23.5,26.2,31.2,6.2,30.8,64.6,21.1,25.7,46.7,53.3,106,227,50.1,884,74.4,7.3,78.9,120,28.3,45.1,43.5,21.5,26.5,8.5,,,,,,,,,,,19,1.1,2.3,-0.6,2.7,36.9,69,4.07,30,Harrison Bader,1.8
Gurriel Jr.,Lourdes,2018,0.286,0.463,0.333,0.314,0.175,0.402,0.416,0.365,0.372,-0.005,-0.017,-0.011,90.3,10.4,35.2,15,7.8,6.7,26.4,23.3,31.6,4.1,45.6,72.3,15.3,35,43.9,56.1,79,180,52.2,514,80.7,5.8,84.7,52,25.1,52.9,44.6,22.3,30.1,3.1,,,,,,,,,,,,,,,,,0,4.29,28,Lourdes Gurriel Jr.,1.8
Cabrera,Asdrubal,2018,0.255,0.438,0.323,0.31,0.18,0.387,0.375,0.333,0.325,0.007,0.02,0.009,89.6,14.3,33.1,31,7.2,8.4,25.6,26.6,29.6,2.6,38.9,70.7,17.1,29,35.2,64.8,119,338,52.2,1165,84,7.6,82.9,129,22.7,48.9,43.4,27.5,22.1,7,,,,,,,,,,,,,,,,,0,4.63,25.4,Asdrubal Cabrera,1.9
Frazier,Todd,2018,0.222,0.386,0.306,0.311,0.162,0.342,0.348,0.286,0.299,-0.009,0.004,-0.004,89.6,18.6,32.2,21,6.9,7.6,21.1,34.9,28,1.6,36.6,58,17.4,24.5,39.1,60.9,100,256,52.2,1047,71.7,7.9,82.6,97,24.2,40.5,35.9,29.6,22.7,11.8,,,,,,,,,,,,,,,,,0,4.57,25.6,Todd Frazier,1.9
Braun,Ryan,2018,0.297,0.52,0.37,0.353,0.219,0.382,0.436,0.319,0.374,-0.043,-0.051,-0.04,91.9,5.8,36.2,35,10.8,8,24.1,14.6,39,3.4,49.5,71.1,15.1,33,38.3,61.7,103,269,51.6,816,80.3,8.3,84.9,82,22.8,51.4,49.5,18.9,29.1,2.5,,,,,,,,,,,0,1.2,-1.1,-0.6,-0.6,33.5,0,4.42,26.7,Ryan Braun,1.9
Rojas,Miguel,2018,0.263,0.349,0.289,0.308,0.082,0.296,0.306,0.29,0.305,-0.011,-0.003,-0.008,84.1,8.9,35.4,4,0.9,3.1,30,23.7,38.3,4,23.8,64.7,6.7,32.3,33.7,66.3,105,312,49.4,967,69.7,7.8,93.3,43,15.5,48.7,47.7,16.4,27.9,8,,,,,,,,,,,,,,,,,1,4.47,26.5,Miguel Rojas,1.9
Heyward,Jason,2018,0.28,0.4,0.326,0.344,0.118,0.328,0.337,0.312,0.323,-0.01,-0.005,-0.007,88.1,9.4,29.7,11,2.9,6,26.6,22.7,39.6,2.3,38.5,63.9,12.2,28.5,26.7,73.3,73,273,52.3,957,70.1,6.4,87.8,68,17,45.4,47.9,17.2,25,9.9,,,,,,,,,,,4,0.9,0.7,-0.6,1,34.8,0,4.33,27.6,Jason Heyward,1.9
Thames,Eric,2018,0.208,0.445,0.315,0.296,0.235,0.478,0.451,0.36,0.342,0.011,0.033,0.015,91,19.3,34.7,25,16.7,4.7,19.3,32,24,3.3,43.3,69.5,23.5,27.2,59.7,40.3,92,154,51,566,78,7.4,76.5,89,34.1,47.7,33.3,36.7,24.7,5.3,,,,,,,,,,,-4,-1.6,-3,0.6,-4,29.7,0,4.27,27,Eric Thames,1.9
Abreu,Jose,2018,0.281,0.496,0.358,0.344,0.213,0.392,0.422,0.333,0.359,-0.016,-0.023,-0.021,91.3,12.2,35.4,36,9.1,7.6,27.8,21.5,32.3,1.8,44.9,64.9,15.8,34.9,39.1,60.9,152,389,52.9,1116,72.6,6.4,84.2,102,24.6,49,44.2,19.9,28.3,7.6,,,,,,,,,,,,,,,,,0,4.53,26.7,Jose Abreu,1.9
Goodrum,Niko,2018,0.245,0.413,0.318,0.315,0.166,0.405,0.398,0.347,0.348,0,0.018,0.004,87.7,10.8,37.6,25,8,7.6,22,22.6,36.6,3.2,35.4,72.2,21.4,28.6,49,51,143,292,52.3,1022,83.3,7.4,78.6,144,29.7,49.3,44.9,25.8,24.8,4.5,,,,,,,,,,,1,1.5,-1.5,-0.2,-0.3,33.6,12,4.2,29.1,Niko Goodrum,1.9
Renfroe,Hunter,2018,0.243,0.464,0.326,0.299,0.219,0.425,0.407,0.334,0.33,0.005,0.04,0.012,89.9,18.5,29.1,37,12.4,5,21.7,30.4,26.4,4,43.8,65.7,25.5,29.6,41,59,109,266,52.5,898,70,7,74.5,136,30.5,46.8,37.8,27.1,21.1,14,,,,,,,,,,,-1,0.7,0,-0.5,0.2,34.5,0,4.37,27.3,Hunter Renfroe,1.9
Choi,Ji-Man,2018,0.242,0.466,0.353,0.343,0.22,0.448,0.425,0.365,0.342,0.021,0.039,0.014,90,13.6,35.8,16,11.7,5.8,24.1,22.6,33.6,2.2,42.3,65.3,21.2,20,54.1,45.9,53,98,53.5,491,72.3,7.1,78.8,59,29.8,41,43.8,22.6,24.8,8.8,,,,,,,,,,,,,,,,,0,4.38,25.7,Ji-Man Choi,1.9
Longoria,Evan,2018,0.249,0.425,0.308,0.289,0.172,0.347,0.364,0.305,0.315,-0.005,-0.012,-0.013,88.5,13.6,32.6,29,7.6,6,24.5,27.3,32.6,2.1,37,66.9,15.5,29.1,32.7,67.3,89,272,48.5,935,75.2,6.9,84.5,103,20.6,48.6,42.7,25.5,23.7,8.1,,,,,,,,,,,,,,,,,0,4.46,26.9,Evan Longoria,2
Blackmon,Charlie,2018,0.282,0.446,0.347,0.351,0.161,0.425,0.395,0.368,0.358,0.009,0.056,0.021,87.2,11.8,34.9,32,6.5,4.8,28.1,22.8,32.3,5.5,35.2,65.5,12.8,29.1,37.6,62.4,148,394,49.7,1353,66.7,7.4,87.2,115,20.4,47.4,44.2,24.2,27.1,4.4,,,,,,,,,,,-8,-1.6,-1,0.4,-2.2,31.8,4,4.27,27.6,Charlie Blackmon,2
Benintendi,Andrew,2018,0.286,0.457,0.357,0.363,0.168,0.386,0.385,0.35,0.347,0.004,0.008,0,88.4,12.6,37.6,31,6.4,4.1,29.9,26.1,31.3,2.1,33.1,69.9,16,24,28.1,71.9,91,324,52.4,1350,85.2,7.3,84,137,19.3,45.9,41.9,25.7,28.6,3.7,,,,,,,,,,,-1,-1.4,-1.1,0.8,-1.7,31.4,1,4.22,27.7,Andrew Benintendi,2
Flowers,Tyler,2018,0.242,0.413,0.342,0.356,0.169,0.356,0.402,0.324,0.349,-0.015,-0.054,-0.027,90,12.9,37.5,12,6.8,9.1,25.6,26.1,29.5,2.8,44.6,67.5,20.3,21,55.4,44.6,72,130,51.1,619,85.3,5.6,79.8,81,28.8,43.7,42.6,27.3,25,5.1,26,2.14,2.16,2.08,3,1.72,1.73,1.7,0.75,74.7,,,,,,,0,4.56,25.3,Tyler Flowers,2.1
Frazier,Adam,2018,0.264,0.386,0.315,0.331,0.118,0.371,0.335,0.331,0.316,0.013,0.07,0.028,87.6,10,34.5,11,4.1,5.6,27,24,37.5,1.9,30.7,65.5,9.4,24.2,26.8,73.2,44,164,49.7,677,71.4,8.2,90.6,42,14,45,48.7,21,26.6,3.7,,,,,,,,,,,0,-0.1,-0.9,-0.5,-1.5,31.7,0,4.33,27.3,Adam Frazier,2.2
Hoskins,Rhys,2018,0.235,0.463,0.352,0.348,0.225,0.42,0.402,0.332,0.321,0.011,0.034,0.012,88.9,22.4,36.1,47,11.4,9.2,20.1,34.6,22,2.7,39.2,59.9,15.7,19.5,39.6,60.4,116,293,51.4,1499,66.5,7.9,84.2,133,21.8,39.2,29.8,34.6,22.8,12.8,,,,,,,,,,,-18,1,-3.3,-1.4,-3.7,29.9,0,4.56,26.3,Rhys Hoskins,2.2
Chirinos,Robinson,2018,0.199,0.393,0.319,0.32,0.192,0.438,0.41,0.36,0.326,0.023,0.026,0.014,87.8,21.6,36.5,24,10.8,7.7,21.6,36,20.3,3.6,39.2,65.3,23.4,26.1,55.1,44.9,140,254,54.1,972,75.8,6.7,76.6,126,33.6,44.1,30.2,34.2,23.9,11.7,21,2.04,2.03,2.08,4,1.66,1.66,,0.77,81.1,,,,,,,0,4.79,25.3,Robinson Chirinos,2.3
Segura,Jean,2018,0.283,0.401,0.315,0.323,0.114,0.346,0.332,0.34,0.319,0.021,0.014,0.012,87,7.4,30,19,3.6,4.2,24.1,21.3,42.3,4.4,32.1,65.1,6.2,31.7,26.1,73.9,92,352,50.4,1112,75.7,7.7,93.8,44,12.8,48.2,53.1,19.5,21.1,6.3,,,,,,,,,,,,,,,,,8,4.21,27.9,Jean Segura,2.3
McCann,James,2018,0.232,0.362,0.285,0.281,0.127,0.312,0.354,0.3,0.321,-0.012,-0.048,-0.029,87.5,16,37.7,16,5.1,6.4,26.8,27.8,29.1,4.8,37.1,63.7,16,31.4,48.1,51.9,138,287,50.1,915,68.6,7.5,84,93,26.6,47.5,39.6,22,26.2,12.1,39,2.02,1.99,2.04,4,1.6,1.59,1.64,0.74,83.2,,,,,,,0,4.72,25.8,James McCann,2.3
Eaton,Adam,2018,0.288,0.387,0.345,0.383,0.097,0.383,0.365,0.376,0.361,0.013,0.024,0.013,85.8,7.2,33.9,8,3.1,2.7,31.5,21,35.8,5.8,30.4,60.1,11.5,26,32.7,67.3,64,196,51.1,753,69.5,6.4,88.5,50,18.2,42.8,50.6,15.6,28,5.8,,,,,,,,,,,-6,0.7,-1.7,-0.7,-1.7,32.1,0,4.17,27.5,Adam Eaton,2.3
Sanchez,Gary,2018,0.222,0.465,0.342,0.324,0.242,0.345,0.407,0.26,0.313,-0.036,-0.059,-0.038,90.3,14.2,29.4,32,13.9,6.9,15.6,26.8,34.2,2.6,41.6,62.4,18,29.9,46.7,53.3,121,259,56.8,865,59.4,6.3,82,74,29.2,43.9,43.3,26.4,17.7,12.6,18,1.94,1.96,1.93,4,1.48,1.48,1.49,0.76,86.8,,,,,,,0,4.54,25.9,Gary Sanchez,2.3
Ahmed,Nick,2018,0.239,0.371,0.29,0.294,0.128,0.341,0.327,0.294,0.299,-0.005,0.04,0.01,86.5,11.3,36.3,21,5.1,5.8,24.9,27.4,31.7,5.1,30,71.2,16.2,29.7,46.4,53.6,149,321,50.8,1079,81.5,7.6,83.8,120,25.4,50.1,41.6,24.5,27.4,6.5,,,,,,,,,,,,,,,,,2,4.35,28.2,Nick Ahmed,2.4
Mondesi,Adalberto,2018,0.268,0.485,0.336,0.299,0.214,0.452,0.444,0.382,0.372,0.008,0.013,0.005,87.4,11.8,31.7,21,10.4,6.4,22.8,23.3,30.7,6.4,36.6,79,23.9,33,57,43,106,186,52.3,564,83.8,7.4,76.1,97,34.4,54.9,44.1,24.8,22.8,8.4,,,,,,,,,,,,,,,,,50,4.07,29.9,Adalberto Mondesi,2.4
Encarnacion,Edwin,2018,0.249,0.492,0.362,0.343,0.239,0.404,0.428,0.328,0.339,-0.003,-0.018,-0.016,89.9,18.1,35.2,44,11.7,8,22.4,27.5,27.5,2.9,41.4,66.4,19,24.5,43.9,56.1,127,289,52.4,1180,79,7,81,135,26.3,44.6,37.3,30.1,23.7,8.8,,,,,,,,,,,,,,,,,0,4.84,24.5,Edwin Encarnacion,2.5
Ozuna,Marcell,2018,0.291,0.499,0.359,0.338,0.206,0.372,0.415,0.342,0.359,-0.011,-0.066,-0.032,91.5,10.8,30.5,46,9.7,6.9,23.9,22.5,34.5,2.5,44.9,72.2,16,27.7,43.4,56.6,148,341,53.1,1229,83.5,7.3,83.9,125,24.3,48.5,47.7,23.9,21,7.4,,,,,,,,,,,-1,0.1,-0.5,0.3,-0.1,33.8,1,4.42,27.8,Marcell Ozuna,2.5
Calhoun,Kole,2018,0.251,0.451,0.333,0.323,0.198,0.329,0.404,0.28,0.34,-0.043,-0.082,-0.05,90.4,12,34.3,34,9.3,8.2,25.5,23.4,31.9,1.6,42.9,73.3,20.4,27,48.5,51.5,147,303,52.3,1121,84.9,8,79.6,153,28.5,49.2,45.1,28.8,23.6,2.5,,,,,,,,,,,2,0.2,-0.8,-0.3,-0.9,32.6,0,4.52,26.1,Kole Calhoun,2.5
Bell,Josh,2018,0.26,0.42,0.34,0.356,0.156,0.356,0.363,0.326,0.324,0.001,-0.009,-0.004,90,9.2,29.6,28,7,6,22.4,23.6,37.8,3.2,39,68.4,18.4,23,38.6,61.4,118,306,56.2,1329,78,6,81.6,130,24.4,42.9,49.8,22.6,21.4,6.2,,,,,,,,,,,,,,,,,0,4.41,27.1,Josh Bell,2.5
Schwarber,Kyle,2018,0.247,0.473,0.35,0.363,0.224,0.438,0.45,0.352,0.364,-0.009,-0.006,-0.007,90,11.5,34,37,12.7,4.8,22,22.7,32.3,5.5,45,64.4,22.9,21.7,48.8,51.2,122,250,53.8,1150,76.5,6.2,77.1,146,30.2,41.5,46,23.7,24.4,5.8,,,,,,,,,,,-8,-1.2,-1.9,0,-3.1,30.1,0,4.29,27.1,Kyle Schwarber,2.6
Contreras,Willson,2018,0.233,0.37,0.31,0.326,0.133,0.363,0.346,0.332,0.312,0.016,0.02,0.011,87,6.8,28.9,26,7.3,5.3,16.8,23.2,41.2,6.2,33.3,68.7,21.2,31.2,42.8,57.2,145,339,51.3,1087,82,7.1,78.8,150,28.1,49.4,53.5,17.9,22.4,6.2,30,1.96,1.96,1.96,3,1.55,1.55,1.54,0.74,86.2,,,,,,,0,4.32,27.6,Willson Contreras,2.7
Sano,Miguel,2018,0.179,0.363,0.276,0.264,0.181,0.436,0.4,0.346,0.313,0.02,0.035,0.019,90.3,12.9,26.8,18,11.8,8.5,15,27.5,32.7,4.6,44.1,65.2,24,28.4,61.3,38.7,117,191,55,673,79.2,7.8,76,86,36.5,45.4,43.8,34.6,16.3,5.2,,,,,,,,,,,,,,,,,0,4.62,26.8,Miguel Sano,2.7
Rosario,Amed,2018,0.26,0.37,0.291,0.3,0.106,0.343,0.344,0.324,0.33,-0.004,0.011,-0.001,87.3,7.2,32.7,17,3.9,4.1,27,21.3,40.8,2.9,32.1,69.5,18.6,37.4,40.6,59.4,158,389,48.9,1039,68.8,7.3,81.4,140,26.1,53.8,50.1,18.1,25.2,6.6,,,,,,,,,,,,,,,,,55,4.15,29.4,Amed Rosario,2.7
Kingery,Scott,2018,0.237,0.364,0.282,0.28,0.124,0.329,0.357,0.308,0.328,-0.011,-0.026,-0.019,85.5,16.8,38.7,17,5.1,4.8,26,30.8,27.5,5.7,30.7,63.3,23.7,36.3,40.1,59.9,133,332,46.8,914,66.5,9.6,76.3,156,29,50.7,36.3,29.3,26.6,7.9,,,,,,,,,,,,,,,,,21,4.1,29.4,Scott Kingery,2.7
Moustakas,Mike,2018,0.262,0.465,0.338,0.326,0.2,0.361,0.374,0.303,0.317,-0.011,-0.006,-0.009,89.3,19.6,31.3,42,8.8,6.5,24.2,32.4,25.2,2.9,39.1,72.5,13.6,33.9,37.7,62.3,161,427,52.9,1258,83.3,7.6,86.4,110,21.9,52.1,35.1,27.9,23.1,13.9,,,,,,,,,,,,,,,,,0,4.6,25.7,Mike Moustakas,2.8
Castellanos,Nicholas,2018,0.301,0.53,0.377,0.357,0.228,0.444,0.464,0.392,0.396,-0.003,-0.03,-0.014,89.6,15.2,45.3,53,11.2,7.8,29.9,23.9,23.9,3.2,40.5,77,18.6,35.5,52.5,47.5,240,457,52.9,1288,89.7,7.1,81.4,165,30.2,55.1,36.7,24.6,33.7,5.1,,,,,,,,,,,-24,-0.8,-1.6,0,-2.4,30.2,0,4.29,27.7,Nicholas Castellanos,2.8
Adames,Willy,2018,0.225,0.363,0.293,0.303,0.137,0.433,0.377,0.41,0.336,0.053,0.043,0.035,86.5,8.6,32.1,13,6.6,5.1,22.4,21.9,40.8,3.1,29.6,69.9,22.8,22.9,43,57,65,151,49.5,658,77.5,7.7,77.2,107,27.7,46.7,52,23,19.4,5.6,,,,,,,,,,,,,,,,,1,4.26,28.4,Willy Adames,2.8
Goldschmidt,Paul,2018,0.272,0.534,0.384,0.374,0.259,0.49,0.48,0.41,0.384,0.018,-0.001,0.006,90.8,15.7,37.1,57,13.6,9.3,22.4,23.6,28.6,2.6,43.8,62,20.6,26,38.3,61.7,157,410,54.3,1575,68.4,6.7,79.3,169,26.4,42.4,38.8,22.9,29.5,8.8,,,,,,,,,,,,,,,,,0,4.47,26.9,Paul Goldschmidt,2.9
Seager,Kyle,2018,0.247,0.416,0.308,0.297,0.167,0.34,0.368,0.287,0.322,-0.026,-0.016,-0.02,89.7,18.4,37,25,5.6,8.2,27.8,33,23.6,1.8,39.6,67.9,14.5,27.3,41,59,143,349,51.3,1277,82.7,6.8,85.5,119,22.4,47,34.7,32.1,24.9,8.2,,,,,,,,,,,,,,,,,0,4.5,25.9,Kyle Seager,2.9
Merrifield,Whit,2018,0.28,0.426,0.341,0.349,0.144,0.383,0.371,0.366,0.341,0.024,0.012,0.008,86.5,16.6,41.1,24,4.6,6.8,30.8,26.6,28.1,3,31.2,67.5,14,28.6,30.6,69.4,122,399,51.1,1393,75.4,8.4,86,126,19.1,47.7,35.9,24.5,31,8.6,,,,,,,,,,,-2,-1.3,-0.7,0.5,-1.5,32.7,25,4.23,29,Whit Merrifield,2.9
Marte,Starling,2018,0.279,0.467,0.342,0.329,0.184,0.386,0.393,0.342,0.345,-0.002,-0.007,-0.005,87.5,8.2,31.5,34,7.5,6.2,22,20.3,37.7,6.4,38.3,75,15.8,33.3,42.9,57.1,165,385,51.1,1156,81.4,7.1,84.2,131,24.3,53.7,51.5,21.6,20.7,6.2,,,,,,,,,,,10,-0.4,0.6,0.4,0.7,35.2,45,4.13,28.6,Starling Marte,3
Perez,Roberto,2018,0.189,0.305,0.261,0.276,0.113,0.295,0.341,0.27,0.307,-0.021,-0.042,-0.025,86.2,5.3,28,7,5.9,7.6,21.2,22.9,33.9,8.5,42.6,57.2,25.7,21.1,51.7,48.3,46,89,49.2,421,78.6,6.5,74.3,64,32.5,39.5,52.5,22,19.5,5.9,18,1.96,1.97,1.96,1,1.49,,1.49,0.7,83.4,,,,,,,0,4.86,24.6,Roberto Perez,3
Pederson,Joc,2018,0.237,0.439,0.325,0.313,0.2,0.406,0.366,0.313,0.302,0.01,0.081,0.028,91.1,15.4,30.6,26,8.3,10.2,18.8,31.2,30.3,1.3,40.6,63.4,18.8,29.2,38.6,61.4,105,272,51.7,932,75.2,6.7,81.2,104,25.3,45.6,40.8,28.7,21,9.6,,,,,,,,,,,-7,0.1,-0.6,-0.6,-1.2,32.2,0,4.34,26.3,Joc Pederson,3
Dozier,Hunter,2018,0.244,0.425,0.311,0.293,0.178,0.376,0.406,0.327,0.35,-0.015,-0.03,-0.02,89.5,13.1,33.1,27,10.6,7.5,23.2,24,31.5,3.1,40.2,69.3,15.4,31.1,57.1,42.9,136,238,50.3,766,77.6,6.4,84.6,81,28.4,50.1,42.1,26.4,25.2,6.3,,,,,,,,,,,,,,,,,0,4.34,28.6,Hunter Dozier,3
Machado,Manny,2018,0.289,0.517,0.372,0.362,0.225,0.418,0.412,0.353,0.347,0.008,0.021,0.005,91.6,14.4,33.8,60,11.3,7.7,21.6,27.8,29.8,1.9,48,72.4,14.2,28.5,39.7,60.3,154,388,53.9,1361,85.8,7.2,85.8,120,22.2,48.8,40,26.8,24,9.2,,,,,,,,,,,,,,,,,0,4.62,26.3,Manny Machado,3.1
Anderson,Brian,2018,0.261,0.409,0.334,0.347,0.145,0.366,0.368,0.348,0.333,0.012,-0.009,-0.001,90.2,8.7,29.2,27,5.8,6,27,19.2,39.5,2.4,42.4,68.1,18.3,23.3,43,57,129,300,48.8,1288,75.5,8.3,81.7,168,24.3,46.2,52.3,18.8,23.3,5.6,,,,,,,,,,,-2,-0.1,-0.9,0.4,-0.6,32.8,0,4.44,27.1,Brian Anderson,3.1
Gurriel,Yuli,2018,0.264,0.366,0.293,0.301,0.099,0.343,0.308,0.324,0.298,0.027,0.062,0.03,89.3,11.5,32.6,9,1.9,5.2,24.1,29.3,38.3,1.2,36.2,68.7,9.3,34.4,26.6,73.4,94,353,53.8,1025,75.8,6.3,90.7,56,15.7,50.2,44.9,20.2,25.8,9.1,,,,,,,,,,,,,,,,,1,4.32,27.6,Yuli Gurriel,3.2
Martinez,J.D.,2018,0.312,0.621,0.421,0.388,0.306,0.535,0.524,0.437,0.416,0.018,0.008,0.007,93,10.7,40,69,16,8.8,24.9,15.8,32.8,1.6,52.4,74.7,20.7,29.2,44.7,55.3,176,394,53.6,1348,88.1,7,79.3,181,28.2,50.3,44.4,25.6,27.9,2.1,,,,,,,,,,,-8,-0.5,-1.6,-0.1,-2.3,30.7,0,4.45,26.8,J.D. Martinez,3.2
Correa,Carlos,2018,0.235,0.378,0.31,0.324,0.14,0.364,0.358,0.318,0.32,0.004,0.027,0.003,88.2,11.6,33.1,21,7,5,21.9,26.8,36.8,2.6,33.4,62.2,15.2,25.6,42.1,57.9,112,266,54.5,1039,63.4,6.4,84.8,82,24.1,42.2,44.4,21.5,25.2,8.9,,,,,,,,,,,,,,,,,1,4.32,27.7,Carlos Correa,3.2
Pham,Tommy,2018,0.292,0.508,0.382,0.381,0.213,0.433,0.47,0.381,0.404,-0.017,-0.044,-0.023,92.8,6.7,38.7,36,10.1,8.1,27.7,16,35.3,2.8,49.9,59.6,15.4,18.9,58,42,120,207,49,1095,71.8,7.9,84.6,105,25.5,39.7,48.2,19.9,29.1,2.8,,,,,,,,,,,1,-0.1,0.2,-0.4,-0.3,34.1,7,4.42,28.6,Tommy Pham,3.3
Ramirez,Jose,2018,0.266,0.474,0.366,0.384,0.206,0.395,0.36,0.31,0.305,0.004,0.078,0.026,88.9,18.8,34.7,43,8.5,7.9,20,33.1,29,1.4,35.1,60.7,10.1,19.7,23.6,76.4,74,313,53.8,1585,73.7,6.7,89.9,83,13.7,38.5,33.9,31.2,23.4,11.5,,,,,,,,,,,,,,,,,2,4.28,27.5,Jose Ramirez,3.3
Gallo,Joey,2018,0.232,0.539,0.369,0.334,0.306,0.499,0.549,0.352,0.395,-0.026,-0.041,-0.026,93.9,21.6,37.5,66,22.5,7.8,19.1,30.7,18.4,1.4,49.1,72.4,31.8,29.2,58.7,41.3,225,383,55.9,1313,87.7,6.2,68.2,238,41,48.3,30,37.2,23.9,8.9,,,,,,,,,,,0,1.2,-0.8,-0.7,-0.3,33.1,0,4.42,27.6,Joey Gallo,3.3
Turner,Justin,2018,0.295,0.495,0.385,0.393,0.198,0.411,0.396,0.364,0.347,0.017,0.023,0.011,89.1,18.3,44.7,24,7.7,5.8,33.2,31.6,20.8,1,36.7,63.8,8.6,21.4,27.9,72.1,50,179,48.3,837,76.6,8.4,91.4,49,13.2,43.3,29.4,30,33.5,7,,,,,,,,,,,,,,,,,0,4.62,26.6,Justin Turner,3.4
Fletcher,David,2018,0.275,0.344,0.295,0.319,0.064,0.309,0.306,0.31,0.313,0,0.019,0.002,83.2,12.8,35.7,1,0.4,2.4,31,28.6,33.3,4.3,20.4,53.2,4.8,25.4,22.9,77.1,32,140,46.9,551,56.6,9.6,95.2,16,10.2,40.2,41.2,19.2,30.6,9,,,,,,,,,,,,,,,,,0,4.24,28.1,David Fletcher,3.4
Altuve,Jose,2018,0.296,0.459,0.358,0.368,0.159,0.385,0.378,0.371,0.347,0.02,-0.008,0.006,86.3,9.5,34,27,5.9,5.2,24.8,22,36.2,5.9,33.8,67.8,11.6,30,29.9,70.1,103,345,54.2,1149,75.2,6.8,88.4,76,17.9,47.3,48.1,22.4,25.5,3.9,,,,,,,,,,,,,,,,,53,4.13,28.1,Jose Altuve,3.5
Vazquez,Christian,2018,0.253,0.349,0.287,0.3,0.092,0.252,0.312,0.248,0.302,-0.046,-0.066,-0.047,87.2,12.6,32.7,4,1.9,5.2,27.5,28.4,35.1,1.9,28.6,66.9,6.8,29.2,32.4,67.6,46,142,48.1,487,81.2,8.4,93.2,24,14.1,48.8,43.1,24.2,24.2,8.5,14,2.06,2.02,2.08,0,,,,0.71,80.5,,,,,,,0,4.57,25.3,Christian Vazquez,3.5
Turner,Trea,2018,0.282,0.421,0.337,0.354,0.135,0.365,0.373,0.338,0.352,-0.011,-0.005,-0.006,87.8,8.3,29,31,5.8,4.9,24.2,22.7,37.5,5.1,38.4,64.1,14,22.9,38.6,61.4,129,334,49.8,1457,72.9,8.1,86,132,20.5,43.6,49.6,20.4,24.2,5.8,,,,,,,,,,,,,,,,,128,4.1,30.1,Trea Turner,3.5
Anderson,Tim,2018,0.227,0.361,0.274,0.27,0.131,0.368,0.339,0.323,0.306,0.013,0.045,0.02,85.6,10.5,33.3,20,4.7,5.4,24.1,25.1,36.2,4.5,27.9,72.9,17.8,36,47,53,191,406,51.3,1127,70.6,7,82.2,139,27.8,54,47.5,22.9,24.1,5.4,,,,,,,,,,,,,,,,,34,4.2,28.7,Tim Anderson,3.5
Gardner,Brett,2018,0.234,0.34,0.296,0.321,0.102,0.318,0.305,0.292,0.29,0.002,0.028,0.009,87.3,8.4,30.6,12,2.8,5.1,21.3,26.6,39.6,4.6,32.9,52.8,8.4,20.5,26.2,73.8,72,275,51.9,1340,55.6,7.7,91.6,55,13.7,36,49.8,21.3,22.9,6,,,,,,,,,,,1,0.1,0.1,0.3,0.4,34.5,34,4.02,29.1,Brett Gardner,3.6
Soler,Jorge,2018,0.251,0.463,0.354,0.346,0.208,0.442,0.441,0.378,0.366,0.014,0.003,0,89.5,10.9,31.4,16,10.3,9.6,23.1,17.9,34.6,4.5,41.3,66.7,23.4,25.8,62.7,37.3,94,150,56.1,582,76.1,6.5,76.6,71,36.3,43.8,47.4,22.4,23.1,7.1,,,,,,,,,,,-4,-0.4,-1.4,0.4,-1.4,32.3,0,4.4,28.2,Jorge Soler,3.6
Mancini,Trey,2018,0.257,0.443,0.332,0.317,0.182,0.374,0.409,0.325,0.351,-0.015,-0.027,-0.024,89.9,5.4,27.6,51,11.8,4.8,22.8,14.5,43.3,2.8,42.2,68,20.9,31.5,41.8,58.3,167,400,50.6,1270,83.5,6.5,79.1,177,27.6,49.5,55.5,19.1,22.1,3.2,,,,,,,,,,,-10,0.4,-2,-1.1,-2.7,30.7,0,4.51,27,Trey Mancini,3.6
Torres,Gleyber,2018,0.257,0.464,0.34,0.328,0.205,0.437,0.423,0.373,0.355,0.014,0.016,0.009,88.7,18.8,38.7,29,9.2,6,25.7,31.1,27,1,36.8,69.6,23.3,30.2,47.6,52.4,150,315,53.5,1042,74,6.7,76.7,147,31.4,48.4,34.3,32.1,25.4,8.3,,,,,,,,,,,,,,,,,0,4.36,27.1,Gleyber Torres,3.6
Escobar,Eduardo,2018,0.249,0.429,0.321,0.317,0.177,0.406,0.371,0.344,0.319,0.023,0.06,0.025,86.5,18.8,39.5,37,8.3,6.7,23.7,33,25.7,2.7,27.6,72.4,15.8,35.2,39.2,60.8,176,449,52.6,1275,80.2,6.9,84.2,131,24,52.8,33.3,29.7,27.9,9.2,,,,,,,,,,,,,,,,,1,4.27,27.8,Eduardo Escobar,3.7
Wong,Kolten,2018,0.236,0.344,0.297,0.321,0.105,0.324,0.3,0.297,0.283,0.013,0.044,0.018,84.4,6.8,26.5,10,3.3,5.6,21.5,22.2,38.4,8.9,30.9,60.8,12.1,23.3,33.3,66.7,60,180,51.3,773,74.2,8.2,87.9,54,18.1,41.6,53.3,17.9,21.5,7.3,,,,,,,,,,,,,,,,,1,4.16,27.7,Kolten Wong,3.7
Conforto,Michael,2018,0.243,0.429,0.339,0.35,0.183,0.408,0.402,0.34,0.342,0,0.019,0.003,87.9,11.9,36.3,37,9.5,6.7,22.9,22.4,34,4.4,36.8,64.5,20,24.2,46.2,53.8,156,338,52.8,1397,74.6,6.4,80,161,27.7,43.2,44.6,25.3,23.7,6.4,,,,,,,,,,,5,1.6,-0.3,-1.4,-0.1,34,0,4.35,27.8,Michael Conforto,3.7
Olson,Matt,2018,0.25,0.492,0.355,0.338,0.24,0.409,0.433,0.341,0.346,-0.003,-0.039,-0.015,93.1,17.8,35.1,51,12.2,9.1,22.9,29.8,24.3,1.7,52.2,68.7,23.8,20.9,39.8,60.2,121,304,51.3,1452,80.1,7.3,76.2,225,27.6,44.2,36.5,28.4,24.8,10.3,,,,,,,,,,,,,,,,,0,4.53,25.9,Matt Olson,3.9
Garver,Mitch,2018,0.253,0.402,0.316,0.322,0.147,0.38,0.368,0.351,0.332,0.015,0.012,0.009,88.8,12.5,31.5,13,5.6,6,24.1,28,32.3,3.9,38.8,56,19.6,18.3,36.2,63.8,42,116,46.1,633,76.5,9.6,80.4,81,23.2,38.6,41.4,23.3,25.9,9.5,20,2.08,2.09,2.06,0,,,,0.78,81.7,,,,,,,0,4.53,26.3,Mitch Garver,3.9
Freeman,Freddie,2018,0.295,0.533,0.387,0.378,0.235,0.434,0.446,0.388,0.374,0.014,-0.028,-0.009,89.1,14.5,44.9,46,9.3,7.9,31.1,22.8,25.6,3.3,39.8,82.7,18.9,31.1,37.3,62.7,162,434,52.5,1396,91.8,7.8,81.1,197,24.3,55.6,37,24,35.4,3.7,,,,,,,,,,,,,,,,,0,4.44,26.7,Freddie Freeman,4
Rizzo,Anthony,2018,0.291,0.469,0.366,0.385,0.175,0.365,0.375,0.323,0.336,-0.008,0.001,-0.007,89.9,14.4,36.2,32,6.5,7.1,27.7,27.5,28.7,2.6,40.5,67.7,10.2,29.4,30.9,69.1,117,379,53,1289,73.3,8,89.8,79,17.1,47.5,38.8,25.5,28.3,7.5,,,,,,,,,,,,,,,,,0,4.58,25.5,Anthony Rizzo,4
Villar,Jonathan,2018,0.231,0.358,0.291,0.3,0.123,0.389,0.356,0.367,0.328,0.029,0.026,0.021,87.2,2.7,27.2,17,5.1,4.8,22.4,14.8,46.5,6.3,36,71.5,24.4,26.9,42.6,57.4,130,305,52.1,1134,81.9,7.3,75.6,182,29.7,48.3,57.4,15.1,22.7,4.8,,,,,,,,,,,,,,,,,0,4.21,27.6,Jonathan Villar,4
Canha,Mark,2018,0.252,0.452,0.341,0.333,0.196,0.386,0.396,0.326,0.333,-0.003,-0.003,-0.007,87,15.5,36.6,25,9,5.4,23.3,28.7,30.1,3.6,34.4,60.9,17,27.2,30.9,69.1,73,236,50.5,868,75.4,6.9,83,88,21.4,44,38.4,26.5,24.7,10.4,,,,,,,,,,,0,0.6,-0.7,0.2,0.1,33.9,0,4.34,27.6,Mark Canha,4
Polanco,Jorge,2018,0.263,0.376,0.309,0.325,0.11,0.382,0.345,0.361,0.332,0.025,0.051,0.027,83.9,15.5,37.7,9,3.7,5.7,27,29.9,26.6,7,27.9,61.8,9.3,21.9,33.5,66.5,52,155,50.5,707,68.2,7.6,90.7,40,15.8,41.6,38.5,19.3,30.3,11.9,,,,,,,,,,,,,,,,,3,4.19,28.4,Jorge Polanco,4
DeJong,Paul,2018,0.24,0.451,0.331,0.314,0.209,0.39,0.405,0.33,0.332,0.001,-0.018,-0.01,89.3,19.1,37.7,29,9.1,9.7,22.3,30.8,25.2,2.8,40.3,65.6,16.1,25.3,50,49.6,118,236,48.9,932,75,7.8,83.9,103,25.4,45.9,32.1,28.6,28.3,11,,,,,,,,,,,,,,,,,0,4.36,28.2,Paul DeJong,4.1
Brantley,Michael,2018,0.307,0.457,0.36,0.365,0.145,0.366,0.367,0.341,0.342,0.002,0.011,-0.001,89.9,9.5,39.1,19,3.7,6,31.3,21.9,36.2,1,38,65.3,4.8,23.5,28.5,71.5,76,267,50.5,1137,70.7,7.4,95.2,35,11,44.1,46.2,18,31.1,4.6,,,,,,,,,,,-5,-0.9,-1.5,0.4,-2,31,0,4.6,26.1,Michael Brantley,4.2
Cruz,Nelson,2018,0.277,0.555,0.389,0.361,0.275,0.417,0.459,0.333,0.361,-0.021,-0.046,-0.028,93.9,12.8,31.3,55,13.8,7,23.5,22.8,31.3,1.8,51.3,68.6,18,28.3,55.4,44.6,196,354,54.9,1251,76.5,7.3,82,127,30.6,46.5,44.8,27,20.3,8,,,,,,,,,,,,,,,,,0,4.73,24.9,Nelson Cruz,4.3
Santana,Carlos,2018,0.245,0.42,0.346,0.367,0.172,0.32,0.338,0.269,0.291,-0.016,-0.006,-0.013,88.8,15.1,30.5,34,7.2,6.7,18.9,30.7,33.5,2.9,39,63.8,15.3,20.9,30.6,69.4,93,304,52.3,1457,75.6,6.3,84.7,130,19.4,41.3,41.5,24.8,21.1,12.6,,,,,,,,,,,,,,,,,0,4.48,26,Carlos Santana,4.4
Baez,Javier,2018,0.279,0.509,0.349,0.317,0.227,0.485,0.461,0.397,0.384,0.011,0.045,0.017,89.6,9.2,33.6,56,12.6,6.1,21.8,18.5,36.5,4.5,43.1,77.3,21.8,43.1,50.1,49.9,276,551,57.3,1277,85.1,5.1,78.2,161,33.9,57.7,47.1,22.1,23.6,7.2,,,,,,,,,,,,,,,,,14,4.19,28.8,Javier Baez,4.4
Lindor,Francisco,2018,0.292,0.515,0.375,0.365,0.221,0.398,0.407,0.329,0.347,-0.015,0.004,-0.007,90.2,14.5,34.6,53,9.5,8.4,21.3,26.8,31.3,2.9,41,67.4,11.8,29.7,27.9,72.1,130,466,54.6,1569,68.3,6.3,88.2,104,17.7,46.9,40,25.5,25.9,8.6,,,,,,,,,,,,,,,,,3,4.21,28.4,Francisco Lindor,4.4
Kepler,Max,2018,0.234,0.404,0.322,0.329,0.168,0.322,0.33,0.271,0.285,-0.01,0.004,-0.005,89.5,16.2,30.5,29,6.6,7.5,18.5,33.9,30.5,3,38,64.8,9.6,20.9,42.9,57.1,106,247,50.9,1182,68.9,7.2,90.4,71,18,42.6,37.8,29.2,23.9,9.1,,,,,,,,,,,9,-0.7,0.4,0.7,0.3,33.9,3,4.27,27.9,Max Kepler,4.4
Suarez,Eugenio,2018,0.277,0.517,0.375,0.363,0.236,0.46,0.457,0.381,0.377,0.006,0.009,0.002,91.2,14.7,38.6,38,9.7,8.4,26.9,24.3,28.9,1.8,45.6,68.3,15.8,21.7,56.4,43.6,150,266,50.6,1226,81.6,7.4,84.2,129,25.7,44.7,39.4,30.7,26.6,3.3,,,,,,,,,,,,,,,,,0,4.62,26.2,Eugenio Suarez,4.5
Harper,Bryce,2018,0.26,0.511,0.388,0.403,0.248,0.441,0.463,0.351,0.37,-0.011,-0.015,-0.012,90.6,13.9,35.4,45,11.5,8.7,23.3,24.1,29.5,2.8,45.1,74.2,24.6,24.9,46.4,53.6,194,418,58.4,1681,85.5,5.5,75.4,218,31.6,45.4,41,27.4,26.2,5.4,,,,,,,,,,,-13,-1.1,-0.9,0,-2,31.8,2,4.35,27.5,Bryce Harper,4.6
Judge,Aaron,2018,0.277,0.527,0.394,0.393,0.248,0.528,0.533,0.432,0.435,0.001,0.001,-0.003,94.7,12.4,35.7,43,16.2,7.5,28.9,19.9,25.2,2.3,54.1,64.6,26.2,21,60.5,39.5,150,248,55.7,1181,79.9,6.6,73.8,159,36.2,40.3,41.7,28.6,27.1,2.6,,,,,,,,,,,1,-0.8,-2,-0.1,-2.9,31.1,0,4.56,28,Aaron Judge,4.6
McNeil,Jeff,2018,0.282,0.413,0.329,0.338,0.126,0.382,0.335,0.368,0.316,0.047,0.058,0.039,85.2,14,32.2,5,2.4,4.9,25.4,29.8,30.7,6.8,28.9,80.7,11.2,32.9,26.8,73.2,38,142,52,432,96.5,6.9,88.8,36,16.2,56,41,26.3,22.4,10.2,,,,,,,,,,,,,,,,,0,4.09,27.8,Jeff McNeil,4.6
Albies,Ozzie,2018,0.251,0.403,0.303,0.296,0.149,0.366,0.34,0.317,0.306,0.01,0.049,0.021,86.3,15.5,34,25,4.7,6.6,24.1,30.9,29.4,4.2,29.4,81.6,16,32.4,37,63,148,400,51.7,1233,88.3,6.5,84,150,22.2,56.2,39.5,27.3,23.9,9.3,,,,,,,,,,,,,,,,,22,4.07,28.7,Ozzie Albies,4.6
Muncy,Max,2018,0.259,0.536,0.394,0.389,0.275,0.524,0.5,0.391,0.387,0.004,0.046,0.013,90.1,17.8,38,45,16.9,6,25.2,25.2,23.3,3.4,46.7,56.6,21.8,18.8,49.5,50.5,98,198,51.8,1054,66,6.9,78.2,121,28.9,37,35,33.5,25.6,6,,,,,,,,,,,,,,,,,0,4.3,27.6,Max Muncy,4.8
Bryant,Kris,2018,0.255,0.45,0.353,0.362,0.193,0.423,0.413,0.372,0.352,0.017,0.01,0.006,85.8,17.7,38.2,27,9.5,5.3,26.7,30.2,23.9,4.6,33.5,70.5,19.7,29.4,43.7,56.3,118,270,53,919,85.6,6.4,80.3,113,27.5,48.7,35.4,28.1,27.4,9.1,,,,,,,,,,,-1,1,-1.6,-0.4,-0.9,33,0,4.29,28,Kris Bryant,4.8
Soto,Juan,2018,0.267,0.484,0.371,0.384,0.214,0.45,0.418,0.384,0.351,0.025,0.033,0.021,89.4,5.5,30.1,31,9.8,7.3,23.4,15.8,38.9,4.7,42.2,60.8,18.8,18.3,32.8,67.2,63,192,51.8,1052,78.1,7.2,81.2,112,22.2,38.8,54.7,19,21.2,5.1,,,,,,,,,,,-6,0.7,-0.2,-0.6,0,33.9,0,4.2,27.2,Juan Soto,4.8
Donaldson,Josh,2018,0.246,0.436,0.342,0.352,0.188,0.409,0.404,0.343,0.344,0,0.013,0.003,90.2,11.8,32.8,14,10.4,7.5,21.6,23.9,32.8,3.7,41.4,64.7,24.4,22.1,49.5,50.5,52,105,54,475,80.6,7.6,75.6,64,31.7,41.8,47.8,21.6,23.1,7.5,,,,,,,,,,,,,,,,,0,4.7,25.4,Josh Donaldson,4.9
Grandal,Yasmani,2018,0.222,0.446,0.338,0.334,0.22,0.41,0.387,0.332,0.306,0.019,0.02,0.014,88.9,14,33.2,38,11.9,7.2,20.7,26,30.1,4.1,40.4,57.5,20.3,19.8,47,53,103,219,50.7,1104,67.1,6.7,79.7,125,28,38.4,41.1,27.6,22.3,9.1,33,2.04,2.04,2.04,5,1.61,1.61,,0.74,80.8,,,,,,,0,4.87,24.5,Yasmani Grandal,5.2
LeMahieu,DJ,2018,0.282,0.424,0.327,0.328,0.14,0.349,0.355,0.321,0.33,-0.006,0.004,-0.004,91.1,5.7,31.3,24,5.2,5.7,27.6,19.8,40.4,1.3,43,59.2,6.8,23.2,33.6,66.4,83,247,48.7,1063,64.1,7.7,93.2,45,14,41.7,50.4,21.5,25.9,2.2,,,,,,,,,,,,,,,,,0,4.46,27.1,DJ LeMahieu,5.4
Acuna Jr.,Ronald,2018,0.274,0.531,0.373,0.349,0.255,0.492,0.47,0.406,0.38,0.019,0.021,0.015,90.8,12.9,34.2,42,13.4,8,23.3,22.7,29.4,3.2,46.6,70.1,20.8,23.6,43,57,104,242,51.7,1027,85.7,7.4,79.2,140,26.7,46,43.5,27.8,22.7,6.1,,,,,,,,,,,4,-0.4,0.4,0.3,0.2,33.5,51,4.1,29.6,Ronald Acuna Jr.,5.6
Realmuto,J.T.,2018,0.278,0.478,0.354,0.343,0.198,0.407,0.408,0.35,0.355,-0.001,0.006,-0.001,88.9,14.4,39.8,34,9,5.6,25.2,24.9,31.8,3.4,41,66.8,14.9,26,43,57,110,256,48.4,986,75,7.8,85.1,105,22.5,47.1,39.8,25.7,27.3,7.2,23,1.9,1.9,1.88,2,1.47,1.48,1.46,0.7,87.8,,,,,,,10,4.26,28.6,J.T. Realmuto,5.7
Moncada,Yoan,2018,0.219,0.389,0.302,0.301,0.168,0.427,0.411,0.375,0.35,0.016,0.011,0.009,90.6,15.1,36.4,35,9.6,8.2,22.5,27.9,30.4,1.4,44.2,62.3,22.8,20.3,56,44,154,275,50.6,1352,82.2,6.9,77.2,188,31.1,41,38.1,27.1,28.2,6.6,,,,,,,,,,,,,,,,,20,4.2,28.8,Yoan Moncada,5.7
Story,Trevor,2018,0.263,0.508,0.353,0.323,0.242,0.496,0.45,0.401,0.364,0.028,0.059,0.031,90.8,15.7,38.2,55,12.7,7.6,23.5,29,24.4,2.8,46,73,15.8,28.4,47.3,52.7,175,370,51.1,1303,81.2,7.1,84.2,144,24.9,50.3,35.5,29,28.3,7.1,,,,,,,,,,,,,,,,,67,4.16,29.6,Trevor Story,5.8
Arenado,Nolan,2018,0.267,0.474,0.353,0.351,0.204,0.45,0.396,0.369,0.337,0.03,0.087,0.038,89.7,15.3,35.8,35,7.4,8.4,25.1,26.7,30.9,1.5,40.3,72.5,18.8,30.2,36.8,63.2,154,418,53.5,1386,80.5,6.3,81.2,164,24.6,49.8,40.4,24.4,26.5,8.6,,,,,,,,,,,,,,,,,0,4.57,25.7,Nolan Arenado,5.9
Devers,Rafael,2018,0.239,0.408,0.305,0.299,0.166,0.387,0.379,0.326,0.328,0.001,0.025,0.005,90.7,10.9,30.2,30,9.1,6,21.5,24.5,35.6,3.3,41.7,73.2,22.3,32.6,38.6,61.4,120,311,52.3,955,76.6,6.8,77.7,142,27.6,51.9,46.8,21.5,20.8,10.9,,,,,,,,,,,,,,,,,0,4.3,27.3,Rafael Devers,5.9
Chapman,Matt,2018,0.26,0.433,0.339,0.34,0.171,0.449,0.402,0.377,0.353,0.018,0.075,0.03,93,14.7,30.5,36,8.9,7.2,25.3,27.3,30.5,0.7,47.8,61.8,17.7,21.2,41,59,111,271,50.5,1280,74.3,8.3,82.3,137,23.6,41.4,40.7,22.3,26.3,10.7,,,,,,,,,,,,,,,,,6,4.37,28.3,Matt Chapman,6.1
Springer,George,2018,0.255,0.458,0.345,0.338,0.2,0.38,0.388,0.339,0.328,0.01,-0.024,-0.005,88.6,9.5,30.1,38,8.9,6.6,19.8,21.6,41.4,1.6,37.2,67,19.1,21.7,41,58.7,111,271,50,1248,88.8,7.1,80.9,160,24.6,44.3,50.1,25.4,18.6,5.9,,,,,,,,,,,0,0.5,0.1,-0.6,0,33.9,4,4.31,27.7,George Springer,6.5
Betts,Mookie,2018,0.314,0.61,0.433,0.414,0.295,0.498,0.476,0.415,0.381,0.032,0.03,0.016,92.2,18.3,39.4,61,14.1,8.1,26.3,27.6,21.9,2.1,50.2,56.5,10.1,16.2,33.3,66.7,72,216,51.9,1337,61,7.1,89.9,71,15.5,35.6,34.3,31.6,26.5,7.6,,,,,,,,,,,11,0,0.1,0.2,0.3,33.9,6,4.18,28.1,Mookie Betts,6.6
Bogaerts,Xander,2018,0.283,0.498,0.367,0.358,0.212,0.42,0.411,0.355,0.35,0.006,0.025,0.007,90.5,12.7,32.9,41,9.8,6.5,22.8,24.9,33.1,2.9,41.6,60.6,12.1,26.7,40.7,59.3,131,322,51.2,1207,71.2,7.2,87.9,84,21.1,43.2,43.4,24.5,24,8.2,,,,,,,,,,,,,,,,,3,4.23,27.8,Xander Bogaerts,6.8
Rendon,Anthony,2018,0.307,0.548,0.389,0.373,0.238,0.415,0.423,0.358,0.358,0.001,-0.013,-0.006,90.6,17.7,39.8,47,10.3,8.1,26.4,28.8,24.4,2,44.6,69.4,9.8,23.8,27.2,72.8,73,268,47.7,1127,79.6,8.5,90.2,84,13.9,47.7,32.7,27.9,30.8,8.6,,,,,,,,,,,,,,,,,0,4.37,27.3,Anthony Rendon,7
Marte,Ketel,2018,0.261,0.396,0.32,0.333,0.132,0.345,0.332,0.305,0.307,-0.001,0.041,0.01,88.5,5.7,29.3,22,5,5.4,24.1,20.5,41.4,3.6,36.7,68.5,11.4,23.6,29.4,70.6,78,265,51.6,1121,76.2,6.6,88.6,82,16.2,45.5,52,19.4,22.7,5.9,,,,,,,,,,,,,,,,,10,4.23,28.7,Ketel Marte,7.1
Semien,Marcus,2018,0.245,0.38,0.304,0.311,0.132,0.341,0.336,0.317,0.307,0.01,0.008,0.004,86.6,15.3,35.1,23,4.5,6.7,25.5,31.4,28,3.9,32.1,64.4,13.7,23.5,38.6,61.4,131,339,50.2,1442,76.1,7,86.3,126,20.4,43.8,39.8,24.7,26.7,8.8,,,,,,,,,,,,,,,,,0,4.28,28.3,Marcus Semien,7.6
Yelich,Christian,2018,0.327,0.572,0.418,0.406,0.241,0.506,0.5,0.424,0.429,-0.001,0.026,0.004,92.3,4.7,36.7,57,12.9,7.9,24,10.2,42.2,2.7,50.8,64.6,14,24.9,44.3,55.7,145,327,51.9,1313,81.3,6.3,86,110,23,44,52.8,16.8,27.4,2.9,,,,,,,,,,,4,-1.6,-0.3,0.5,-1.5,32.3,41,4.18,28.7,Christian Yelich,7.8
Bellinger,Cody,2018,0.242,0.433,0.328,0.329,0.189,0.419,0.393,0.355,0.332,0.018,0.037,0.017,89.7,16.1,32,35,8.6,6.8,20.8,29.8,31.3,2.7,38.6,65.9,26,24.4,37.9,62.1,121,319,50.3,1306,81.6,7.1,74,221,29.7,45,41.3,25.2,22.2,11.2,,,,,,,,,,,6,0.5,1.5,0,2,36.8,34,4.02,28.8,Cody Bellinger,7.8
Bregman,Alex,2018,0.271,0.468,0.371,0.382,0.195,0.4,0.365,0.332,0.316,0.015,0.064,0.025,89.2,16.9,37.9,39,7.6,8,23.4,30.3,29.1,1.6,39.9,57.7,8.2,18.2,26.6,73.4,71,267,52.2,1470,67.6,7.7,91.8,64,12.9,37.1,35.5,26.6,27.1,10.7,,,,,,,,,,,,,,,,,0,4.31,27.8,Alex Bregman,8.5
Trout,Mike,2018,0.295,0.597,0.432,0.447,0.3,0.529,0.506,0.419,0.397,0.017,0.031,0.015,91.2,18.6,41,58,16.5,8.3,22.5,27.6,19.7,5.4,46.2,57.7,10.6,18.1,43.6,56.4,102,234,50.9,1294,71.1,7.5,89.3,76,18.6,37.6,31.3,33.3,28.2,7.1,,,,,,,,,,,6,-2.1,-0.6,0.8,-1.9,32.4,37,4.25,29.2,Mike Trout,8.6